Workbook

Sheet Fasted
B1: Glucose infusion | D1: Lactate infusion | F1: Glutamine infusion | H1: Alanine Infusion | J1: 3HB infusion | L1: Palmitic acid infusion | N1: Oleic acid infusion | P1: Linoleic acid infusion | R1: Seine infusion | T1: Glycine infusion | V1: Citrate infusion | X1: Acetate infusion | Z1: Glycerol infusion | AB1: BCAAs infusion | AD1: 6AAs infusion
B2: Mean | C2: SEM | D2: Mean | E2: SEM | F2: Mean | G2: SEM | H2: Mean | I2: SEM | J2: Mean | K2: SEM | L2: Mean | M2: SEM | N2: Mean | O2: SEM | P2: Mean | Q2: SEM | R2: Mean | S2: SEM | T2: Mean | U2: SEM | V2: Mean | W2: SEM | X2: Mean | Y2: SEM | Z2: Mean | AA2: SEM | AB2: Mean | AC2: SEM | AD2: Mean | AE2: SEM
A3: Serum
A4: glucose | B4: =Glucose!B19 -> 1 | C4: =Glucose!C19 -> 0.022032872 | D4: =Lactate!B19 -> 0.28711972 | E4: =Lactate!C19 -> 0.038587616 | F4: =Glutamine!B19 -> 0.064880126 | G4: =Glutamine!C19 -> 0.0077764139 | H4: =Alanine!B19 -> 0.19798248 | I4: =Alanine!C19 -> 0.024143091 | J4: ='3HB'!B19 -> 0.027422258 | K4: ='3HB'!C19 -> 0.0054043153 | L4: =Palmitate!B19 -> 0.034488789 | M4: =Palmitate!C19 -> 0.007964221 | N4: =Oleate!B19 -> 0.047279587 | O4: =Oleate!C19 -> 0.011719735 | P4: =Linoleate!B19 -> 0.083047278 | Q4: =Linoleate!C19 -> 0.017499026 | R4: =Serine!B19 -> 0.015827762 | S4: =Serine!C19 -> 0.0018707166 | T4: =Glycine!B19 -> 0.0057040408 | U4: =Glycine!C19 -> 0.00016452793 | V4: =Citrate!B19 -> 0.032813108 | W4: =Citrate!C19 -> 0.0053539999 | X4: =Acetate!B19 -> 0.015804596 | Y4: =Acetate!C19 -> 0.0020742474 | Z4: =Glycerol!B19 -> 0.34882157 | AA4: =Glycerol!C19 -> 0.057591848 | AB4: =BCAAs!B19 -> 0.0068492865 | AC4: =BCAAs!C19 -> 0.0014397144 | AD4: ='6AAs'!B19 -> 0.0099326995 | AE4: ='6AAs'!C19 -> 0.00081778094
A5: lactate | B5: =Glucose!B20 -> 0.64790843 | C5: =Glucose!C20 -> 0.01778097 | D5: =Lactate!B20 -> 1 | E5: =Lactate!C20 -> 5.0907085e-17 | F5: =Glutamine!B20 -> 0.055569964 | G5: =Glutamine!C20 -> 0.0054639647 | H5: =Alanine!B20 -> 0.21608123 | I5: =Alanine!C20 -> 0.016244571 | J5: ='3HB'!B20 -> 0.02449984 | K5: ='3HB'!C20 -> 0.005717215 | L5: =Palmitate!B20 -> 0.028673069 | M5: =Palmitate!C20 -> 0.0046820575 | N5: =Oleate!B20 -> 0.093401089 | O5: =Oleate!C20 -> 0.027573955 | P5: =Linoleate!B20 -> 0.094258412 | Q5: =Linoleate!C20 -> 0.01645309 | R5: =Serine!B20 -> 0.030673073 | S5: =Serine!C20 -> 0.025491652 | T5: =Glycine!B20 -> 0.0080060356 | U5: =Glycine!C20 -> 0.0012109 | V5: =Citrate!B20 -> 0.023710617 | W5: =Citrate!C20 -> 0.0011057456 | X5: =Acetate!B20 -> 0.016317966 | Y5: =Acetate!C20 -> 0.0027282919 | Z5: =Glycerol!B20 -> 0.24734321 | AA5: =Glycerol!C20 -> 0.031306849 | AB5: =BCAAs!B20 -> 0.011731305 | AC5: =BCAAs!C20 -> 0.00035329345 | AD5: ='6AAs'!B20 -> 0.016036684 | AE5: ='6AAs'!C20 -> 0.0040692361
A6: glutamine | B6: =Glucose!B21 -> 0.12237446 | C6: =Glucose!C21 -> 0.010740745 | D6: =Lactate!B21 -> 0.24343369 | E6: =Lactate!C21 -> 0.01598167 | F6: =Glutamine!B21 -> 1 | G6: =Glutamine!C21 -> 0 | H6: =Alanine!B21 -> 0.077417374 | I6: =Alanine!C21 -> 0.011516131 | J6: ='3HB'!B21 -> 0.03966253 | K6: ='3HB'!C21 -> 0.0058679483 | L6: =Palmitate!B21 -> 0.062158673 | M6: =Palmitate!C21 -> 0.0072655166 | N6: =Oleate!B21 -> 0.095851214 | O6: =Oleate!C21 -> 0.010611912 | P6: =Linoleate!B21 -> 0.14034473 | Q6: =Linoleate!C21 -> 0.011950888 | R6: =Serine!B21 -> 0.00011697398 | S6: =Serine!C21 -> 0.00011697398 | T6: =Glycine!B21 -> 0.0040809892 | U6: =Glycine!C21 -> 1.1344626e-05 | V6: =Citrate!B21 -> 0.023720333 | W6: =Citrate!C21 -> 0.0017429741 | X6: =Acetate!B21 -> 0.025758265 | Y6: =Acetate!C21 -> 0.0082269821 | Z6: =Glycerol!B21 -> 0.037771838 | AA6: =Glycerol!C21 -> 0.0038787286 | AB6: =BCAAs!B21 -> 0.014597735 | AC6: =BCAAs!C21 -> 0.0021598771 | AD6: ='6AAs'!B21 -> 0.015198042 | AE6: ='6AAs'!C21 -> 0.0020949723
A7: alanine | B7: =Glucose!B22 -> 0.44702171 | C7: =Glucose!C22 -> 0.014909845 | D7: =Lactate!B22 -> 0.57315638 | E7: =Lactate!C22 -> 0.077682825 | F7: =Glutamine!B22 -> 0.0372689 | G7: =Glutamine!C22 -> 0.0045030805 | H7: =Alanine!B22 -> 1 | I7: =Alanine!C22 -> 0 | J7: ='3HB'!B22 -> 0.00079163286 | K7: ='3HB'!C22 -> 0.00051638827 | L7: =Palmitate!B22 -> 0.01130208 | M7: =Palmitate!C22 -> 0.0046681154 | N7: =Oleate!B22 -> 0.046499528 | O7: =Oleate!C22 -> 0.010885414 | P7: =Linoleate!B22 -> 0.03938487 | Q7: =Linoleate!C22 -> 0.011447347 | R7: =Serine!B22 -> 0.0023948943 | S7: =Serine!C22 -> 0.0012380723 | T7: =Glycine!B22 -> 0.021865987 | U7: =Glycine!C22 -> 0.00011436847 | V7: =Citrate!B22 -> 0.0080895392 | W7: =Citrate!C22 -> 0.0019070691 | X7: =Acetate!B22 -> 0.0018428355 | Y7: =Acetate!C22 -> 0.0010499617 | Z7: =Glycerol!B22 -> 0.13531249 | AA7: =Glycerol!C22 -> 0.045438698 | AB7: =BCAAs!B22 -> 0.014927405 | AC7: =BCAAs!C22 -> 0.0072778938 | AD7: ='6AAs'!B22 -> 0.022915996 | AE7: ='6AAs'!C22 -> 0.007311378
A8: 3-hydroxybutyrate | B8: =Glucose!B23 -> 0.0068719553 | C8: =Glucose!C23 -> 0.0020126255 | D8: =Lactate!B23 -> 0.010355966 | E8: =Lactate!C23 -> 0.003187904 | F8: =Glutamine!B23 -> 0.0018664053 | G8: =Glutamine!C23 -> 0.0003943307 | H8: =Alanine!B23 -> 0 | I8: =Alanine!C23 -> 0 | J8: ='3HB'!B23 -> 1 | K8: ='3HB'!C23 -> 0 | L8: =Palmitate!B23 -> 0.16948041 | M8: =Palmitate!C23 -> 0.028635725 | N8: =Oleate!B23 -> 0.226096 | O8: =Oleate!C23 -> 0.02308602 | P8: =Linoleate!B23 -> 0.31594964 | Q8: =Linoleate!C23 -> 0.031034239 | R8: =Serine!B23 -> 0.00023420639 | S8: =Serine!C23 -> 0.00023420639 | T8: =Glycine!B23 -> 0.0025638424 | U8: =Glycine!C23 -> 0.0025638424 | V8: =Citrate!B23 -> 0.0012008688 | W8: =Citrate!C23 -> 0.00059854091 | X8: =Acetate!B23 -> 0.0085043385 | Y8: =Acetate!C23 -> 0.0029980922 | Z8: =Glycerol!B23 -> 0.0025754906 | AA8: =Glycerol!C23 -> 0.0014890871 | AB8: =BCAAs!B23 -> 0.026390607 | AC8: =BCAAs!C23 -> 0.0040272721 | AD8: ='6AAs'!B23 -> 0.022700309 | AE8: ='6AAs'!C23 -> 0.0067919153
A9: palmitic acid | B9: =Glucose!B24 -> 7.5895518e-05 | C9: =Glucose!C24 -> 4.1567601e-05 | D9: =Lactate!B24 -> 0.0012146902 | E9: =Lactate!C24 -> 0.0012146902 | F9: =Glutamine!B24 -> 0 | G9: =Glutamine!C24 -> 0 | H9: =Alanine!B24 -> 2.0187744e-05 | I9: =Alanine!C24 -> 2.0187744e-05 | J9: ='3HB'!B24 -> 0 | K9: ='3HB'!C24 -> 0 | L9: =Palmitate!B24 -> 1 | M9: =Palmitate!C24 -> 0 | N9: =Oleate!B24 -> 0.00019584967 | O9: =Oleate!C24 -> 0.00015754895 | P9: =Linoleate!B24 -> 0.00040970928 | Q9: =Linoleate!C24 -> 0.00020421033 | R9: =Serine!B24 -> 0 | S9: =Serine!C24 -> 0 | T9: =Glycine!B24 -> 0 | U9: =Glycine!C24 -> 0 | V9: =Citrate!B24 -> 0.00014597769 | W9: =Citrate!C24 -> 0.00013866627 | X9: =Acetate!B24 -> 0.00027647744 | Y9: =Acetate!C24 -> 0.00012830359 | Z9: =Glycerol!B24 -> 0.00099057931 | AA9: =Glycerol!C24 -> 0.00085534292 | AB9: =BCAAs!B24 -> 0 | AC9: =BCAAs!C24 -> 0 | AD9: ='6AAs'!B24 -> 0.00015657143 | AE9: ='6AAs'!C24 -> 0.00015657143
A10: oleic acid | B10: =Glucose!B25 -> 0.00012408602 | C10: =Glucose!C25 -> 6.4894752e-05 | D10: =Lactate!B25 -> 0.00028767448 | E10: =Lactate!C25 -> 6.5915725e-05 | F10: =Glutamine!B25 -> 0.00024124687 | G10: =Glutamine!C25 -> 0.00017765492 | H10: =Alanine!B25 -> 6.1947115e-05 | I10: =Alanine!C25 -> 6.1947115e-05 | J10: ='3HB'!B25 -> 0 | K10: ='3HB'!C25 -> 0 | L10: =Palmitate!B25 -> 0.0026361854 | M10: =Palmitate!C25 -> 0.001897158 | N10: =Oleate!B25 -> 1 | O10: =Oleate!C25 -> 0 | P10: =Linoleate!B25 -> 0.0044265358 | Q10: =Linoleate!C25 -> 0.0016205426 | R10: =Serine!B25 -> 0.00034899002 | S10: =Serine!C25 -> 5.2686245e-05 | T10: =Glycine!B25 -> 0 | U10: =Glycine!C25 -> 0 | V10: =Citrate!B25 -> 2.7748772e-05 | W10: =Citrate!C25 -> 2.7748772e-05 | X10: =Acetate!B25 -> 6.7629948e-05 | Y10: =Acetate!C25 -> 5.1465682e-05 | Z10: =Glycerol!B25 -> 0.00053150219 | AA10: =Glycerol!C25 -> 0.00024186319 | AB10: =BCAAs!B25 -> 0.00017165971 | AC10: =BCAAs!C25 -> 0.00011649806 | AD10: ='6AAs'!B25 -> 0.00018569055 | AE10: ='6AAs'!C25 -> 0.00017626146
A11: linoleic acid | B11: =Glucose!B26 -> 0 | C11: =Glucose!C26 -> 0 | D11: =Lactate!B26 -> 0 | E11: =Lactate!C26 -> 0 | F11: =Glutamine!B26 -> 0 | G11: =Glutamine!C26 -> 0 | H11: =Alanine!B26 -> 0 | I11: =Alanine!C26 -> 0 | J11: ='3HB'!B26 -> 0 | K11: ='3HB'!C26 -> 0 | L11: =Palmitate!B26 -> 0.00016269626 | M11: =Palmitate!C26 -> 0.00016269626 | N11: =Oleate!B26 -> 0 | O11: =Oleate!C26 -> 0 | P11: =Linoleate!B26 -> 1 | Q11: =Linoleate!C26 -> 0 | R11: =Serine!B26 -> 3.17077e-05 | S11: =Serine!C26 -> 3.17077e-05 | T11: =Glycine!B26 -> 0.002722175 | U11: =Glycine!C26 -> 3.4373153e-05 | V11: =Citrate!B26 -> 0 | W11: =Citrate!C26 -> 0 | X11: =Acetate!B26 -> 0 | Y11: =Acetate!C26 -> 0 | Z11: =Glycerol!B26 -> 0.0024148067 | AA11: =Glycerol!C26 -> 0.002151884 | AB11: =BCAAs!B26 -> 0 | AC11: =BCAAs!C26 -> 0 | AD11: ='6AAs'!B26 -> 0 | AE11: ='6AAs'!C26 -> 0
A12: serine | B12: =Glucose!B27 -> 0.098022081 | C12: =Glucose!C27 -> 0.0090668806 | D12: =Lactate!B27 -> 0.052723546 | E12: =Lactate!C27 -> 0.0041674722 | F12: =Glutamine!B27 -> 0.0073851226 | G12: =Glutamine!C27 -> 0.00187272 | H12: =Alanine!B27 -> 0 | I12: =Alanine!C27 -> 0 | J12: ='3HB'!B27 -> 0.031040211 | K12: ='3HB'!C27 -> 0.029615916 | L12: =Palmitate!B27 -> 0 | M12: =Palmitate!C27 -> 0 | N12: =Oleate!B27 -> 0.0060299977 | O12: =Oleate!C27 -> 0.0060299977 | P12: =Linoleate!B27 -> 0.024729812 | Q12: =Linoleate!C27 -> 0.016188023 | R12: =Serine!B27 -> 1 | S12: =Serine!C27 -> 0 | T12: =Glycine!B27 -> 0.11363168 | U12: =Glycine!C27 -> 0.003725223 | V12: =Citrate!B27 -> 0.00033259446 | W12: =Citrate!C27 -> 0.00033259446 | X12: =Acetate!B27 -> 0.0021012244 | Y12: =Acetate!C27 -> 0.0021012244 | Z12: =Glycerol!B27 -> 0.040525322 | AA12: =Glycerol!C27 -> 0.010607779 | AB12: =BCAAs!B27 -> 0.0049252361 | AC12: =BCAAs!C27 -> 0.0030730301 | AD12: ='6AAs'!B27 -> 0 | AE12: ='6AAs'!C27 -> 0
A13: glycine | B13: =Glucose!B28 -> 0.039638625 | C13: =Glucose!C28 -> 0.012097856 | D13: =Lactate!B28 -> 0.01342871 | E13: =Lactate!C28 -> 0.0020141691 | F13: =Glutamine!B28 -> 0.0034859273 | G13: =Glutamine!C28 -> 0.0015068569 | H13: =Alanine!B28 -> 0 | I13: =Alanine!C28 -> 0 | J13: ='3HB'!B28 -> 0 | K13: ='3HB'!C28 -> 0 | L13: =Palmitate!B28 -> 0.0014696859 | M13: =Palmitate!C28 -> 0.0014696859 | N13: =Oleate!B28 -> 0.016735144 | O13: =Oleate!C28 -> 0.016735144 | P13: =Linoleate!B28 -> 0.006990757 | Q13: =Linoleate!C28 -> 0.0043549292 | R13: =Serine!B28 -> 0.24518449 | S13: =Serine!C28 -> 0.034218887 | T13: =Glycine!B28 -> 1 | U13: =Glycine!C28 -> 0 | V13: =Citrate!B28 -> 0.0021954748 | W13: =Citrate!C28 -> 0.0016737434 | X13: =Acetate!B28 -> 0.0014050881 | Y13: =Acetate!C28 -> 0.0014050881 | Z13: =Glycerol!B28 -> 0.012477296 | AA13: =Glycerol!C28 -> 0.0029889582 | AB13: =BCAAs!B28 -> 0.0048418159 | AC13: =BCAAs!C28 -> 0.0048418159 | AD13: ='6AAs'!B28 -> 0 | AE13: ='6AAs'!C28 -> 0
A14: citrate | B14: =Glucose!B29 -> 0.11567133 | C14: =Glucose!C29 -> 0.011397593 | D14: =Lactate!B29 -> 0.20216049 | E14: =Lactate!C29 -> 0.031065465 | F14: =Glutamine!B29 -> 0.089601782 | G14: =Glutamine!C29 -> 0.0015289856 | H14: =Alanine!B29 -> 0.025551412 | I14: =Alanine!C29 -> 0.0096279301 | J14: ='3HB'!B29 -> 0.052381991 | K14: ='3HB'!C29 -> 0.011072961 | L14: =Palmitate!B29 -> 0.046823482 | M14: =Palmitate!C29 -> 0.011529899 | N14: =Oleate!B29 -> 0.049100738 | O14: =Oleate!C29 -> 0.018403678 | P14: =Linoleate!B29 -> 0.035465934 | Q14: =Linoleate!C29 -> 0.035465934 | R14: =Serine!B29 -> 0.028140347 | S14: =Serine!C29 -> 0.0083709153 | T14: =Glycine!B29 -> 0.039447256 | U14: =Glycine!C29 -> 0.012161007 | V14: =Citrate!B29 -> 1 | W14: =Citrate!C29 -> 0 | X14: =Acetate!B29 -> 0.033140886 | Y14: =Acetate!C29 -> 0.010265237 | Z14: =Glycerol!B29 -> 0.014515216 | AA14: =Glycerol!C29 -> 0.0069690627 | AB14: =BCAAs!B29 -> 0.013186578 | AC14: =BCAAs!C29 -> 0.0025009137 | AD14: ='6AAs'!B29 -> 0.0026103466 | AE14: ='6AAs'!C29 -> 0.00067641546
A15: acetate | B15: =Glucose!B30 -> #REF! | C15: =Glucose!C30 -> #REF! | D15: =Lactate!B30 -> 0.11511102 | E15: =Lactate!C30 -> 0.014552898 | F15: =Glutamine!B30 -> 0.03582605 | G15: =Glutamine!C30 -> 0.0098035529 | H15: =Alanine!B30 -> NaN | I15: =Alanine!C30 -> NaN | J15: ='3HB'!B30 -> 0.069471312 | K15: ='3HB'!C30 -> 0.0083023139 | L15: =Palmitate!B30 -> 0.079309273 | M15: =Palmitate!C30 -> 0.0099164978 | N15: =Oleate!B30 -> 0.14010425 | O15: =Oleate!C30 -> 0.0092337711 | P15: =Linoleate!B30 -> NaN | Q15: =Linoleate!C30 -> NaN | R15: =Serine!B30 -> NaN | S15: =Serine!C30 -> NaN | T15: =Glycine!B30 -> NaN | U15: =Glycine!C30 -> NaN | V15: =Citrate!B30 -> 0.048783297 | W15: =Citrate!C30 -> 0.030907492 | X15: =Acetate!B30 -> 1 | Y15: =Acetate!C30 -> 0 | Z15: =Glycerol!B30 -> 0.024823164 | AA15: =Glycerol!C30 -> 0.0098466812 | AB15: =BCAAs!B30 -> NaN | AC15: =BCAAs!C30 -> NaN | AD15: ='6AAs'!B30 -> NaN | AE15: ='6AAs'!C30 -> NaN
... A18: 6AAs | B18: =Glucose!B33 -> 0 | C18: =Glucose!C33 -> 0 | D18: =Lactate!B33 -> 0 | E18: =Lactate!C33 -> 0 | F18: =Glutamine!B33 -> 0 | G18: =Glutamine!C33 -> 0 | H18: =Alanine!B33 -> 0 | I18: =Alanine!C33 -> 0 | J18: ='3HB'!B33 -> 0 | K18: ='3HB'!C33 -> 0 | L18: =Palmitate!B33 -> 0 | M18: =Palmitate!C33 -> 0 | N18: =Oleate!B33 -> 0 | O18: =Oleate!C33 -> 0 | P18: =Linoleate!B33 -> 0 | Q18: =Linoleate!C33 -> 0 | R18: =Serine!B33 -> 0 | S18: =Serine!C33 -> 0 | T18: =Glycine!B33 -> 0 | U18: =Glycine!C33 -> 0 | V18: =Citrate!B33 -> 0 | W18: =Citrate!C33 -> 0 | X18: =Acetate!B33 -> 0 | Y18: =Acetate!C33 -> 0 | Z18: =Glycerol!B33 -> 0 | AA18: =Glycerol!C33 -> 0 | AB18: =BCAAs!B33 -> 0 | AC18: =BCAAs!C33 -> 0 | AD18: ='6AAs'!B33 -> 1 | AE18: ='6AAs'!C33 -> 0
A20: Tissue malate
A21: Brain | B21: =Glucose!B37 -> 0.76561282 | C21: =Glucose!C37 -> 0.0051759707 | D21: =Lactate!B37 -> 0.35816666 | E21: =Lactate!C37 -> 0.024253984 | F21: =Glutamine!B37 -> 0.06678142 | G21: =Glutamine!C37 -> 0.0050527459 | H21: =Alanine!B37 -> 0.18917947 | I21: =Alanine!C37 -> 0.020534083 | J21: ='3HB'!B37 -> 0.035200095 | K21: ='3HB'!C37 -> 0.0097730625 | L21: =Palmitate!B37 -> 0.027903713 | M21: =Palmitate!C37 -> 0.006670133 | N21: =Oleate!B37 -> 0.064508945 | O21: =Oleate!C37 -> 0.01680696 | P21: =Linoleate!B37 -> 0.085541848 | Q21: =Linoleate!C37 -> 0.018173646 | R21: =Serine!B37 -> 0.012537287 | S21: =Serine!C37 -> 0.0029535612 | T21: =Glycine!B37 -> 0.0052682475 | U21: =Glycine!C37 -> 0.00028976296 | V21: =Citrate!B37 -> 0.02319108 | W21: =Citrate!C37 -> 0.0032838975 | X21: =Acetate!B37 -> 0.025974488 | Y21: =Acetate!C37 -> 0.0016273645 | Z21: =Glycerol!B37 -> 0.29015824 | AA21: =Glycerol!C37 -> 0.029995725 | AB21: =BCAAs!B37 -> 0.037180177 | AC21: =BCAAs!C37 -> 0.021559514 | AD21: ='6AAs'!B37 -> 0.017837734 | AE21: ='6AAs'!C37 -> 0.0020021326
A22: Muscle | B22: =Glucose!B38 -> 0.22203294 | C22: =Glucose!C38 -> 0.021853156 | D22: =Lactate!B38 -> 0.27843329 | E22: =Lactate!C38 -> 0.020357756 | F22: =Glutamine!B38 -> 0.085584097 | G22: =Glutamine!C38 -> 0.0083740121 | H22: =Alanine!B38 -> 0.04645518 | I22: =Alanine!C38 -> 0.0042337748 | J22: ='3HB'!B38 -> 0.034012689 | K22: ='3HB'!C38 -> 0.0067361288 | L22: =Palmitate!B38 -> 0.082958898 | M22: =Palmitate!C38 -> 0.0066700395 | N22: =Oleate!B38 -> 0.19223821 | O22: =Oleate!C38 -> 0.013836023 | P22: =Linoleate!B38 -> 0.19733173 | Q22: =Linoleate!C38 -> 0.023989048 | R22: =Serine!B38 -> 0.0012871939 | S22: =Serine!C38 -> 0.00077032317 | T22: =Glycine!B38 -> 0.0084609444 | U22: =Glycine!C38 -> 0.0062559398 | V22: =Citrate!B38 -> 0.0068080004 | W22: =Citrate!C38 -> 0.001076516 | X22: =Acetate!B38 -> 0.069665927 | Y22: =Acetate!C38 -> 0.0078244338 | Z22: =Glycerol!B38 -> 0.039045748 | AA22: =Glycerol!C38 -> 0.0080680431 | AB22: =BCAAs!B38 -> 0.04043372 | AC22: =BCAAs!C38 -> 0.00940332 | AD22: ='6AAs'!B38 -> 0.0063304415 | AE22: ='6AAs'!C38 -> 0.00060394997
A23: Kidney | B23: =Glucose!B39 -> 0.19661025 | C23: =Glucose!C39 -> 0.019798374 | D23: =Lactate!B39 -> 0.3730773 | E23: =Lactate!C39 -> 0.02702531 | F23: =Glutamine!B39 -> 0.13859344 | G23: =Glutamine!C39 -> 0.0029133276 | H23: =Alanine!B39 -> 0.095312153 | I23: =Alanine!C39 -> 0.030785214 | J23: ='3HB'!B39 -> 0.10300485 | K23: ='3HB'!C39 -> 0.019964899 | L23: =Palmitate!B39 -> 0.089435212 | M23: =Palmitate!C39 -> 0.012731395 | N23: =Oleate!B39 -> 0.15412532 | O23: =Oleate!C39 -> 0.012933937 | P23: =Linoleate!B39 -> 0.24462527 | Q23: =Linoleate!C39 -> 0.043487354 | R23: =Serine!B39 -> 0.0037951304 | S23: =Serine!C39 -> 0.00038070749 | T23: =Glycine!B39 -> 0.0059318481 | U23: =Glycine!C39 -> 0.0013793224 | V23: =Citrate!B39 -> 0.13468065 | W23: =Citrate!C39 -> 0.013410782 | X23: =Acetate!B39 -> 0.1363548 | Y23: =Acetate!C39 -> 0.011584535 | Z23: =Glycerol!B39 -> 0.095264688 | AA23: =Glycerol!C39 -> 0.0067521807 | AB23: =BCAAs!B39 -> 0.019316116 | AC23: =BCAAs!C39 -> 0.014463459 | AD23: ='6AAs'!B39 -> 0.014606754 | AE23: ='6AAs'!C39 -> 0.00055228299
A24: Liver | B24: =Glucose!B40 -> 0.16373151 | C24: =Glucose!C40 -> 0.0062916826 | D24: =Lactate!B40 -> 0.28632992 | E24: =Lactate!C40 -> 0.019785716 | F24: =Glutamine!B40 -> 0.1384273 | G24: =Glutamine!C40 -> 0.0053040966 | H24: =Alanine!B40 -> 0.16938273 | I24: =Alanine!C40 -> 0.013588275 | J24: ='3HB'!B40 -> 0.031647732 | K24: ='3HB'!C40 -> 0.0049018151 | L24: =Palmitate!B40 -> 0.055267836 | M24: =Palmitate!C40 -> 0.0083621516 | N24: =Oleate!B40 -> 0.10625112 | O24: =Oleate!C40 -> 0.012485496 | P24: =Linoleate!B40 -> 0.12131175 | Q24: =Linoleate!C40 -> 0.015027177 | R24: =Serine!B40 -> 0.01320758 | S24: =Serine!C40 -> 0.0022339462 | T24: =Glycine!B40 -> 0.0095118808 | U24: =Glycine!C40 -> 0.00075378808 | V24: =Citrate!B40 -> 0.011145258 | W24: =Citrate!C40 -> 0.00068664907 | X24: =Acetate!B40 -> 0.025143991 | Y24: =Acetate!C40 -> 0.002618401 | Z24: =Glycerol!B40 -> 0.070964917 | AA24: =Glycerol!C40 -> 0.0063061919 | AB24: =BCAAs!B40 -> 0.010246928 | AC24: =BCAAs!C40 -> 0.0084526941 | AD24: ='6AAs'!B40 -> 0.034201275 | AE24: ='6AAs'!C40 -> 0.0029160375
A25: Spleen | B25: =Glucose!B41 -> 0.11934019 | C25: =Glucose!C41 -> 0.011768687 | D25: =Lactate!B41 -> 0.22546748 | E25: =Lactate!C41 -> 0.028556907 | F25: =Glutamine!B41 -> 0.29255105 | G25: =Glutamine!C41 -> 0.032456399 | H25: =Alanine!B41 -> 0.054568251 | I25: =Alanine!C41 -> 0.0085323341 | J25: ='3HB'!B41 -> 0.097091256 | K25: ='3HB'!C41 -> 0.015586974 | L25: =Palmitate!B41 -> 0.11292043 | M25: =Palmitate!C41 -> 0.010520008 | N25: =Oleate!B41 -> 0.18401063 | O25: =Oleate!C41 -> 0.011087136 | P25: =Linoleate!B41 -> 0.2229915 | Q25: =Linoleate!C41 -> 0.030668345 | R25: =Serine!B41 -> 0.0050238802 | S25: =Serine!C41 -> 0.0017505434 | T25: =Glycine!B41 -> 0.0013319448 | U25: =Glycine!C41 -> 0.00042268571 | V25: =Citrate!B41 -> 0.0096731231 | W25: =Citrate!C41 -> 0.00091960073 | X25: =Acetate!B41 -> 0.16899683 | Y25: =Acetate!C41 -> 0.013671775 | Z25: =Glycerol!B41 -> 0.042887659 | AA25: =Glycerol!C41 -> 0.007563422 | AB25: =BCAAs!B41 -> 0.019742112 | AC25: =BCAAs!C41 -> 0.0051122172 | AD25: ='6AAs'!B41 -> 0.014516612 | AE25: ='6AAs'!C41 -> 0.0011130582
A26: Skin | B26: =Glucose!B42 -> NaN | C26: =Glucose!C42 -> NaN | D26: =Lactate!B42 -> NaN | E26: =Lactate!C42 -> NaN | F26: =Glutamine!B42 -> NaN | G26: =Glutamine!C42 -> NaN | H26: =Alanine!B42 -> 0.099382434 | I26: =Alanine!C42 -> 0.013545895 | J26: ='3HB'!B42 -> NaN | K26: ='3HB'!C42 -> NaN | L26: =Palmitate!B42 -> NaN | M26: =Palmitate!C42 -> NaN | N26: =Oleate!B42 -> NaN | O26: =Oleate!C42 -> NaN | P26: =Linoleate!B42 -> NaN | Q26: =Linoleate!C42 -> NaN | R26: =Serine!B42 -> NaN | S26: =Serine!C42 -> NaN | T26: =Glycine!B42 -> NaN | U26: =Glycine!C42 -> NaN | V26: =Citrate!B42 -> NaN | W26: =Citrate!C42 -> NaN | X26: =Acetate!B42 -> NaN | Y26: =Acetate!C42 -> NaN | Z26: =Glycerol!B42 -> NaN | AA26: =Glycerol!C42 -> NaN | AB26: =BCAAs!B42 -> NaN | AC26: =BCAAs!C42 -> NaN | AD26: ='6AAs'!B42 -> NaN | AE26: ='6AAs'!C42 -> NaN
A27: Pancreas | B27: =Glucose!B43 -> 0.14487504 | C27: =Glucose!C43 -> 0.012761019 | D27: =Lactate!B43 -> 0.27603439 | E27: =Lactate!C43 -> 0.023036349 | F27: =Glutamine!B43 -> 0.31676364 | G27: =Glutamine!C43 -> 0.080929279 | H27: =Alanine!B43 -> 0.18073727 | I27: =Alanine!C43 -> 0.01330555 | J27: ='3HB'!B43 -> 0.069228946 | K27: ='3HB'!C43 -> 0.0096104778 | L27: =Palmitate!B43 -> 0.062254174 | M27: =Palmitate!C43 -> 0.0067996397 | N27: =Oleate!B43 -> 0.1282116 | O27: =Oleate!C43 -> 0.012164627 | P27: =Linoleate!B43 -> 0.14395507 | Q27: =Linoleate!C43 -> 0.020707982 | R27: =Serine!B43 -> 0.0078467968 | S27: =Serine!C43 -> 0.0018632103 | T27: =Glycine!B43 -> 0.0012949594 | U27: =Glycine!C43 -> 0.0012949594 | V27: =Citrate!B43 -> 0.011246679 | W27: =Citrate!C43 -> 0.0014587534 | X27: =Acetate!B43 -> 0.06572319 | Y27: =Acetate!C43 -> 0.0037021094 | Z27: =Glycerol!B43 -> 0.044711153 | AA27: =Glycerol!C43 -> 0.0031951678 | AB27: =BCAAs!B43 -> 0.1858834 | AC27: =BCAAs!C43 -> 0.047000482 | AD27: ='6AAs'!B43 -> 0.039397706 | AE27: ='6AAs'!C43 -> 0.0034729437
A28: Lung | B28: =Glucose!B44 -> 0.20061321 | C28: =Glucose!C44 -> 0.018904113 | D28: =Lactate!B44 -> 0.27819317 | E28: =Lactate!C44 -> 0.021525989 | F28: =Glutamine!B44 -> 0.1076857 | G28: =Glutamine!C44 -> 0.0040766753 | H28: =Alanine!B44 -> 0.11680064 | I28: =Alanine!C44 -> 0.009793868 | J28: ='3HB'!B44 -> 0.052850932 | K28: ='3HB'!C44 -> 0.011553571 | L28: =Palmitate!B44 -> 0.11599291 | M28: =Palmitate!C44 -> 0.014678034 | N28: =Oleate!B44 -> 0.15573742 | O28: =Oleate!C44 -> 0.011367129 | P28: =Linoleate!B44 -> 0.16018712 | Q28: =Linoleate!C44 -> 0.028835847 | R28: =Serine!B44 -> 0.0011228137 | S28: =Serine!C44 -> 0.00031849942 | T28: =Glycine!B44 -> 0.0069024373 | U28: =Glycine!C44 -> 0.00071394336 | V28: =Citrate!B44 -> 0.015284526 | W28: =Citrate!C44 -> 0.00042283599 | X28: =Acetate!B44 -> 0.090976584 | Y28: =Acetate!C44 -> 0.0061507872 | Z28: =Glycerol!B44 -> 0.066292481 | AA28: =Glycerol!C44 -> 0.001754556 | AB28: =BCAAs!B44 -> 0.031236876 | AC28: =BCAAs!C44 -> 0.0085391361 | AD28: ='6AAs'!B44 -> 0.009373841 | AE28: ='6AAs'!C44 -> 0.0019890172
A29: Heart | B29: =Glucose!B45 -> 0.15863447 | C29: =Glucose!C45 -> 0.027413273 | D29: =Lactate!B45 -> 0.2263371 | E29: =Lactate!C45 -> 0.024551151 | F29: =Glutamine!B45 -> 0.02993779 | G29: =Glutamine!C45 -> 0.0034023044 | H29: =Alanine!B45 -> 0.022512695 | I29: =Alanine!C45 -> 0.0029400537 | J29: ='3HB'!B45 -> 0.054504815 | K29: ='3HB'!C45 -> 0.014123314 | L29: =Palmitate!B45 -> 0.15857088 | M29: =Palmitate!C45 -> 0.015951864 | N29: =Oleate!B45 -> 0.22114905 | O29: =Oleate!C45 -> 0.017583429 | P29: =Linoleate!B45 -> 0.21890929 | Q29: =Linoleate!C45 -> 0.023454781 | R29: =Serine!B45 -> 0.0015072125 | S29: =Serine!C45 -> 0.00074670958 | T29: =Glycine!B45 -> 0.0038361539 | U29: =Glycine!C45 -> 0.00028998931 | V29: =Citrate!B45 -> 0.0040066115 | W29: =Citrate!C45 -> 0.00016875322 | X29: =Acetate!B45 -> 0.10172025 | Y29: =Acetate!C45 -> 0.007861257 | Z29: =Glycerol!B45 -> 0.022045037 | AA29: =Glycerol!C45 -> 0.0041567183 | AB29: =BCAAs!B45 -> 0.012344043 | AC29: =BCAAs!C45 -> 0.0018564339 | AD29: ='6AAs'!B45 -> 0.0031817786 | AE29: ='6AAs'!C45 -> 0.00067676057
A30: gWAT | B30: =Glucose!B46 -> 0.15131952 | C30: =Glucose!C46 -> 0.013657844 | D30: =Lactate!B46 -> 0.24243186 | E30: =Lactate!C46 -> 0.02627428 | F30: =Glutamine!B46 -> 0.13486247 | G30: =Glutamine!C46 -> 0.0071252585 | H30: =Alanine!B46 -> 0.1100903 | I30: =Alanine!C46 -> 0.026225588 | J30: ='3HB'!B46 -> 0.025533078 | K30: ='3HB'!C46 -> 0.011463788 | L30: =Palmitate!B46 -> 0.038554865 | M30: =Palmitate!C46 -> 0.0083418703 | N30: =Oleate!B46 -> 0.11996903 | O30: =Oleate!C46 -> 0.017157743 | P30: =Linoleate!B46 -> 0.071907837 | Q30: =Linoleate!C46 -> 0.019240928 | R30: =Serine!B46 -> 0.00025526454 | S30: =Serine!C46 -> 0.00025526454 | T30: =Glycine!B46 -> 0.0019997575 | U30: =Glycine!C46 -> 0.00019233791 | V30: =Citrate!B46 -> 0.021405082 | W30: =Citrate!C46 -> 0.018643373 | X30: =Acetate!B46 -> 0.04373612 | Y30: =Acetate!C46 -> 0.0058791392 | Z30: =Glycerol!B46 -> 0.020312183 | AA30: =Glycerol!C46 -> 0.010643036 | AB30: =BCAAs!B46 -> 0.024369896 | AC30: =BCAAs!C46 -> 0.013768776 | AD30: ='6AAs'!B46 -> 0.018029947 | AE30: ='6AAs'!C46 -> #DIV/0!
A31: iWAT | B31: =Glucose!B47 -> 0.14825689 | C31: =Glucose!C47 -> 0.010716261 | D31: =Lactate!B47 -> 0.22277835 | E31: =Lactate!C47 -> 0.013239582 | F31: =Glutamine!B47 -> 0.13709657 | G31: =Glutamine!C47 -> 0.0058542029 | H31: =Alanine!B47 -> NaN | I31: =Alanine!C47 -> NaN | J31: ='3HB'!B47 -> NaN | K31: ='3HB'!C47 -> NaN | L31: =Palmitate!B47 -> 0.028004037 | M31: =Palmitate!C47 -> 0.0021773277 | N31: =Oleate!B47 -> NaN | O31: =Oleate!C47 -> NaN | P31: =Linoleate!B47 -> 0.052820379 | Q31: =Linoleate!C47 -> 0.016527451 | R31: =Serine!B47 -> NaN | S31: =Serine!C47 -> NaN | T31: =Glycine!B47 -> 0.0026596807 | U31: =Glycine!C47 -> 0.001108093 | V31: =Citrate!B47 -> NaN | W31: =Citrate!C47 -> NaN | X31: =Acetate!B47 -> 0.061658051 | Y31: =Acetate!C47 -> 0.005575044 | Z31: =Glycerol!B47 -> NaN | AA31: =Glycerol!C47 -> NaN | AB31: =BCAAs!B47 -> NaN | AC31: =BCAAs!C47 -> NaN | AD31: ='6AAs'!B47 -> NaN | AE31: ='6AAs'!C47 -> NaN
A32: Small intestine | B32: =Glucose!B48 -> 0.12626288 | C32: =Glucose!C48 -> 0.013997233 | D32: =Lactate!B48 -> 0.27001266 | E32: =Lactate!C48 -> 0.037546749 | F32: =Glutamine!B48 -> 0.29342298 | G32: =Glutamine!C48 -> 0.017737385 | H32: =Alanine!B48 -> 0.080265848 | I32: =Alanine!C48 -> 0.014696912 | J32: ='3HB'!B48 -> 0.11660952 | K32: ='3HB'!C48 -> 0.023457388 | L32: =Palmitate!B48 -> 0.089379683 | M32: =Palmitate!C48 -> 0.014454397 | N32: =Oleate!B48 -> 0.12233628 | O32: =Oleate!C48 -> 0.022059721 | P32: =Linoleate!B48 -> 0.18100458 | Q32: =Linoleate!C48 -> 0.038720187 | R32: =Serine!B48 -> 0.0020722941 | S32: =Serine!C48 -> 0.0010511312 | T32: =Glycine!B48 -> 0.0036043197 | U32: =Glycine!C48 -> 0.0011364058 | V32: =Citrate!B48 -> 0.014302456 | W32: =Citrate!C48 -> 0.0015445606 | X32: =Acetate!B48 -> 0.087309322 | Y32: =Acetate!C48 -> 0.0067524723 | Z32: =Glycerol!B48 -> 0.042194242 | AA32: =Glycerol!C48 -> 0.0086332382 | AB32: =BCAAs!B48 -> 0.032523651 | AC32: =BCAAs!C48 -> 0.0087315436 | AD32: ='6AAs'!B48 -> 0.014700472 | AE32: ='6AAs'!C48 -> 0.00075887057
... A35: Bone | B35: =Glucose!B51 -> NaN | C35: =Glucose!C51 -> NaN | D35: =Lactate!B51 -> NaN | E35: =Lactate!C51 -> NaN | F35: =Glutamine!B51 -> NaN | G35: =Glutamine!C51 -> NaN | H35: =Alanine!B51 -> NaN | I35: =Alanine!C51 -> NaN | J35: ='3HB'!B51 -> NaN | K35: ='3HB'!C51 -> NaN | L35: =Palmitate!B51 -> NaN | M35: =Palmitate!C51 -> NaN | N35: =Oleate!B51 -> NaN | O35: =Oleate!C51 -> NaN | P35: =Linoleate!B51 -> NaN | Q35: =Linoleate!C51 -> NaN | R35: =Serine!B51 -> NaN | S35: =Serine!C51 -> NaN | T35: =Glycine!B51 -> NaN | U35: =Glycine!C51 -> NaN | V35: =Citrate!B51 -> NaN | W35: =Citrate!C51 -> NaN | X35: =Acetate!B51 -> NaN | Y35: =Acetate!C51 -> NaN | Z35: =Glycerol!B51 -> NaN | AA35: =Glycerol!C51 -> NaN | AB35: =BCAAs!B51 -> NaN | AC35: =BCAAs!C51 -> NaN | AD35: ='6AAs'!B51 -> NaN | AE35: ='6AAs'!C51 -> NaN
A37: Tissue succinate
A38: Brain | B38: =Glucose!B54 -> 0.76340271 | C38: =Glucose!C54 -> 0.0067117172 | D38: =Lactate!B54 -> 0.35843218 | E38: =Lactate!C54 -> 0.023398857 | F38: =Glutamine!B54 -> 0.062177908 | G38: =Glutamine!C54 -> 0.0060840976 | H38: =Alanine!B54 -> 0.20251479 | I38: =Alanine!C54 -> 0.021153315 | J38: ='3HB'!B54 -> 0.029252885 | K38: ='3HB'!C54 -> 0.009172975 | L38: =Palmitate!B54 -> 0.028099848 | M38: =Palmitate!C54 -> 0.0073255185 | N38: =Oleate!B54 -> 0.055392189 | O38: =Oleate!C54 -> 0.013488153 | P38: =Linoleate!B54 -> 0.081756882 | Q38: =Linoleate!C54 -> 0.020405652 | R38: =Serine!B54 -> 0.011439853 | S38: =Serine!C54 -> 0.0048157919 | T38: =Glycine!B54 -> 0.0037381761 | U38: =Glycine!C54 -> 0.0012244057 | V38: =Citrate!B54 -> 0.023631953 | W38: =Citrate!C54 -> 0.003098097 | X38: =Acetate!B54 -> 0.024691175 | Y38: =Acetate!C54 -> 0.0026124788 | Z38: =Glycerol!B54 -> 0.2227251 | AA38: =Glycerol!C54 -> 0.071199673 | AB38: =BCAAs!B54 -> 0.017237217 | AC38: =BCAAs!C54 -> 0.0015762032 | AD38: ='6AAs'!B54 -> 0.014943689 | AE38: ='6AAs'!C54 -> 0.0026170986
A39: Muscle | B39: =Glucose!B55 -> 0.22450274 | C39: =Glucose!C55 -> 0.027950166 | D39: =Lactate!B55 -> 0.27516619 | E39: =Lactate!C55 -> 0.022587702 | F39: =Glutamine!B55 -> 0.082361952 | G39: =Glutamine!C55 -> 0.0070854432 | H39: =Alanine!B55 -> 0.046945146 | I39: =Alanine!C55 -> 0.0036425169 | J39: ='3HB'!B55 -> 0.034108579 | K39: ='3HB'!C55 -> 0.0058965597 | L39: =Palmitate!B55 -> 0.086348462 | M39: =Palmitate!C55 -> 0.00770769 | N39: =Oleate!B55 -> 0.18572061 | O39: =Oleate!C55 -> 0.0131057 | P39: =Linoleate!B55 -> 0.21387832 | Q39: =Linoleate!C55 -> 0.023086535 | R39: =Serine!B55 -> 0.0016473357 | S39: =Serine!C55 -> 0.0004845279 | T39: =Glycine!B55 -> 0.0010408813 | U39: =Glycine!C55 -> 0.00024331351 | V39: =Citrate!B55 -> 0.0045727014 | W39: =Citrate!C55 -> 0.0012760537 | X39: =Acetate!B55 -> 0.073196169 | Y39: =Acetate!C55 -> 0.012448346 | Z39: =Glycerol!B55 -> 0.036688198 | AA39: =Glycerol!C55 -> 0.0064126018 | AB39: =BCAAs!B55 -> 0.043840158 | AC39: =BCAAs!C55 -> 0.0073451565 | AD39: ='6AAs'!B55 -> 0.0041076765 | AE39: ='6AAs'!C55 -> 0.0017641605
A40: Kidney | B40: =Glucose!B56 -> 0.19689336 | C40: =Glucose!C56 -> 0.024103523 | D40: =Lactate!B56 -> 0.38280061 | E40: =Lactate!C56 -> 0.03039479 | F40: =Glutamine!B56 -> 0.15185821 | G40: =Glutamine!C56 -> 0.0045265581 | H40: =Alanine!B56 -> 0.10199821 | I40: =Alanine!C56 -> 0.018842783 | J40: ='3HB'!B56 -> 0.1148422 | K40: ='3HB'!C56 -> 0.018677893 | L40: =Palmitate!B56 -> 0.094538686 | M40: =Palmitate!C56 -> 0.014933863 | N40: =Oleate!B56 -> 0.17359946 | O40: =Oleate!C56 -> 0.016242493 | P40: =Linoleate!B56 -> 0.33314312 | Q40: =Linoleate!C56 -> 0.05729144 | R40: =Serine!B56 -> 0.0036822721 | S40: =Serine!C56 -> 2.6605959e-05 | T40: =Glycine!B56 -> 0.0045410906 | U40: =Glycine!C56 -> 0.0013087707 | V40: =Citrate!B56 -> 0.1638037 | W40: =Citrate!C56 -> 0.0066677983 | X40: =Acetate!B56 -> 0.13756858 | Y40: =Acetate!C56 -> 0.014675893 | Z40: =Glycerol!B56 -> 0.091666787 | AA40: =Glycerol!C56 -> 0.0058553673 | AB40: =BCAAs!B56 -> 0.020505671 | AC40: =BCAAs!C56 -> 0.014530693 | AD40: ='6AAs'!B56 -> 0.016199219 | AE40: ='6AAs'!C56 -> 0.0014702936
A41: Liver | B41: =Glucose!B57 -> 0.1586676 | C41: =Glucose!C57 -> 0.0099547719 | D41: =Lactate!B57 -> 0.29996173 | E41: =Lactate!C57 -> 0.017502643 | F41: =Glutamine!B57 -> 0.16706629 | G41: =Glutamine!C57 -> 0.0084558956 | H41: =Alanine!B57 -> 0.17362146 | I41: =Alanine!C57 -> 0.013123926 | J41: ='3HB'!B57 -> 0.030750012 | K41: ='3HB'!C57 -> 0.0051628212 | L41: =Palmitate!B57 -> 0.06212656 | M41: =Palmitate!C57 -> 0.010292512 | N41: =Oleate!B57 -> 0.1046541 | O41: =Oleate!C57 -> 0.0091373028 | P41: =Linoleate!B57 -> 0.14970118 | Q41: =Linoleate!C57 -> 0.016390809 | R41: =Serine!B57 -> 0.011495236 | S41: =Serine!C57 -> 0.0025991302 | T41: =Glycine!B57 -> 0.00929003 | U41: =Glycine!C57 -> 0.00089854262 | V41: =Citrate!B57 -> 0.0093173145 | W41: =Citrate!C57 -> 0.0012564412 | X41: =Acetate!B57 -> 0.022168809 | Y41: =Acetate!C57 -> 0.0038538797 | Z41: =Glycerol!B57 -> 0.068686853 | AA41: =Glycerol!C57 -> 0.0037386267 | AB41: =BCAAs!B57 -> 0.014385607 | AC41: =BCAAs!C57 -> 0.0091601742 | AD41: ='6AAs'!B57 -> 0.046733723 | AE41: ='6AAs'!C57 -> 0.00455339
A42: Spleen | B42: =Glucose!B58 -> 0.10984356 | C42: =Glucose!C58 -> 0.012929741 | D42: =Lactate!B58 -> 0.21168849 | E42: =Lactate!C58 -> 0.028960385 | F42: =Glutamine!B58 -> 0.27621576 | G42: =Glutamine!C58 -> 0.02514382 | H42: =Alanine!B58 -> 0.053157562 | I42: =Alanine!C58 -> 0.008859247 | J42: ='3HB'!B58 -> 0.10565625 | K42: ='3HB'!C58 -> 0.016784387 | L42: =Palmitate!B58 -> 0.11379975 | M42: =Palmitate!C58 -> 0.013383117 | N42: =Oleate!B58 -> 0.18656471 | O42: =Oleate!C58 -> 0.013039859 | P42: =Linoleate!B58 -> 0.22612718 | Q42: =Linoleate!C58 -> 0.034936021 | R42: =Serine!B58 -> 0.0022200292 | S42: =Serine!C58 -> 0.00037061159 | T42: =Glycine!B58 -> 0.0012282144 | U42: =Glycine!C58 -> 0.00018859789 | V42: =Citrate!B58 -> 0.0066840428 | W42: =Citrate!C58 -> 0.0011401202 | X42: =Acetate!B58 -> 0.168892 | Y42: =Acetate!C58 -> 0.019001685 | Z42: =Glycerol!B58 -> 0.037278704 | AA42: =Glycerol!C58 -> 0.0092465977 | AB42: =BCAAs!B58 -> 0.021974191 | AC42: =BCAAs!C58 -> 0.0027207534 | AD42: ='6AAs'!B58 -> 0.015128136 | AE42: ='6AAs'!C58 -> 0.0010467068
A43: Skin | B43: =Glucose!B59 -> NaN | C43: =Glucose!C59 -> NaN | D43: =Lactate!B59 -> NaN | E43: =Lactate!C59 -> NaN | F43: =Glutamine!B59 -> NaN | G43: =Glutamine!C59 -> NaN | H43: =Alanine!B59 -> 0.081770366 | I43: =Alanine!C59 -> 0.011087674 | J43: ='3HB'!B59 -> NaN | K43: ='3HB'!C59 -> NaN | L43: =Palmitate!B59 -> NaN | M43: =Palmitate!C59 -> NaN | N43: =Oleate!B59 -> NaN | O43: =Oleate!C59 -> NaN | P43: =Linoleate!B59 -> NaN | Q43: =Linoleate!C59 -> NaN | R43: =Serine!B59 -> NaN | S43: =Serine!C59 -> NaN | T43: =Glycine!B59 -> NaN | U43: =Glycine!C59 -> NaN | V43: =Citrate!B59 -> NaN | W43: =Citrate!C59 -> NaN | X43: =Acetate!B59 -> NaN | Y43: =Acetate!C59 -> NaN | Z43: =Glycerol!B59 -> NaN | AA43: =Glycerol!C59 -> NaN | AB43: =BCAAs!B59 -> NaN | AC43: =BCAAs!C59 -> NaN | AD43: ='6AAs'!B59 -> NaN | AE43: ='6AAs'!C59 -> NaN
A44: Pancreas | B44: =Glucose!B60 -> 0.14368616 | C44: =Glucose!C60 -> 0.015144614 | D44: =Lactate!B60 -> 0.26118324 | E44: =Lactate!C60 -> 0.021779131 | F44: =Glutamine!B60 -> 0.36098142 | G44: =Glutamine!C60 -> 0.08716525 | H44: =Alanine!B60 -> 0.14987352 | I44: =Alanine!C60 -> 0.010241704 | J44: ='3HB'!B60 -> 0.073174307 | K44: ='3HB'!C60 -> 0.0096953993 | L44: =Palmitate!B60 -> 0.067284973 | M44: =Palmitate!C60 -> 0.010251122 | N44: =Oleate!B60 -> 0.10672242 | O44: =Oleate!C60 -> 0.012564626 | P44: =Linoleate!B60 -> 0.15674892 | Q44: =Linoleate!C60 -> 0.023917826 | R44: =Serine!B60 -> 0.0059246517 | S44: =Serine!C60 -> 0.0020608487 | T44: =Glycine!B60 -> 0.00042918502 | U44: =Glycine!C60 -> 9.625932e-05 | V44: =Citrate!B60 -> 0.012791899 | W44: =Citrate!C60 -> 0.00031698076 | X44: =Acetate!B60 -> 0.065364309 | Y44: =Acetate!C60 -> 0.0086948756 | Z44: =Glycerol!B60 -> 0.040706992 | AA44: =Glycerol!C60 -> 0.0024467445 | AB44: =BCAAs!B60 -> 0.19470416 | AC44: =BCAAs!C60 -> 0.038961983 | AD44: ='6AAs'!B60 -> 0.046014642 | AE44: ='6AAs'!C60 -> 0.0023634209
A45: Lung | B45: =Glucose!B61 -> 0.15459785 | C45: =Glucose!C61 -> 0.017971343 | D45: =Lactate!B61 -> 0.21269074 | E45: =Lactate!C61 -> 0.023110749 | F45: =Glutamine!B61 -> 0.077895968 | G45: =Glutamine!C61 -> 0.016929211 | H45: =Alanine!B61 -> 0.079468311 | I45: =Alanine!C61 -> 0.0081216026 | J45: ='3HB'!B61 -> 0.038208647 | K45: ='3HB'!C61 -> 0.01303888 | L45: =Palmitate!B61 -> 0.1353137 | M45: =Palmitate!C61 -> 0.013473735 | N45: =Oleate!B61 -> 0.1542664 | O45: =Oleate!C61 -> 0.017262954 | P45: =Linoleate!B61 -> 0.16591618 | Q45: =Linoleate!C61 -> 0.03018505 | R45: =Serine!B61 -> 0.0012071992 | S45: =Serine!C61 -> 0.00093874802 | T45: =Glycine!B61 -> 0.0023610877 | U45: =Glycine!C61 -> 0.00030163964 | V45: =Citrate!B61 -> 0.011515108 | W45: =Citrate!C61 -> 0.0020578911 | X45: =Acetate!B61 -> 0.078620761 | Y45: =Acetate!C61 -> 0.013600078 | Z45: =Glycerol!B61 -> 0.051302009 | AA45: =Glycerol!C61 -> 0.0040407557 | AB45: =BCAAs!B61 -> 0.026913011 | AC45: =BCAAs!C61 -> 0.0066711354 | AD45: ='6AAs'!B61 -> 0.007716465 | AE45: ='6AAs'!C61 -> 0.0024363485
A46: Heart | B46: =Glucose!B62 -> 0.1645011 | C46: =Glucose!C62 -> 0.030396016 | D46: =Lactate!B62 -> 0.23125104 | E46: =Lactate!C62 -> 0.027125771 | F46: =Glutamine!B62 -> 0.019876869 | G46: =Glutamine!C62 -> 0.0014456429 | H46: =Alanine!B62 -> 0.021023674 | I46: =Alanine!C62 -> 0.0029723118 | J46: ='3HB'!B62 -> 0.053643365 | K46: ='3HB'!C62 -> 0.012440406 | L46: =Palmitate!B62 -> 0.17317477 | M46: =Palmitate!C62 -> 0.018120235 | N46: =Oleate!B62 -> 0.24621537 | O46: =Oleate!C62 -> 0.017137055 | P46: =Linoleate!B62 -> 0.24505069 | Q46: =Linoleate!C62 -> 0.026410025 | R46: =Serine!B62 -> 0.0013639083 | S46: =Serine!C62 -> 0.00060749038 | T46: =Glycine!B62 -> 0.0031988112 | U46: =Glycine!C62 -> 1.6764119e-05 | V46: =Citrate!B62 -> 0.0041492689 | W46: =Citrate!C62 -> 0.00043794397 | X46: =Acetate!B62 -> 0.099641125 | Y46: =Acetate!C62 -> 0.0093929042 | Z46: =Glycerol!B62 -> 0.019678796 | AA46: =Glycerol!C62 -> 0.0042459383 | AB46: =BCAAs!B62 -> 0.013775677 | AC46: =BCAAs!C62 -> 0.0010457424 | AD46: ='6AAs'!B62 -> 0.0056493534 | AE46: ='6AAs'!C62 -> 0.00069859672
A47: gWAT | B47: =Glucose!B63 -> 0.16592446 | C47: =Glucose!C63 -> 0.029250369 | D47: =Lactate!B63 -> 0.25263445 | E47: =Lactate!C63 -> 0.021689421 | F47: =Glutamine!B63 -> 0.09027311 | G47: =Glutamine!C63 -> 0.024539615 | H47: =Alanine!B63 -> 0.12828109 | I47: =Alanine!C63 -> 0.028902621 | J47: ='3HB'!B63 -> 0.031078688 | K47: ='3HB'!C63 -> 0.012520023 | L47: =Palmitate!B63 -> 0.036143767 | M47: =Palmitate!C63 -> 0.014674663 | N47: =Oleate!B63 -> 0.090960069 | O47: =Oleate!C63 -> 0.032496469 | P47: =Linoleate!B63 -> 0.055802657 | Q47: =Linoleate!C63 -> 0.012888069 | R47: =Serine!B63 -> 5.6567138e-05 | S47: =Serine!C63 -> 5.6567138e-05 | T47: =Glycine!B63 -> 0.0026991187 | U47: =Glycine!C63 -> 0.00059823 | V47: =Citrate!B63 -> 0.0031182987 | W47: =Citrate!C63 -> 0.00084536664 | X47: =Acetate!B63 -> 0.03547732 | Y47: =Acetate!C63 -> 0.0091036648 | Z47: =Glycerol!B63 -> 0.026404731 | AA47: =Glycerol!C63 -> 0.012799558 | AB47: =BCAAs!B63 -> 0.024969319 | AC47: =BCAAs!C63 -> 0.0075530293 | AD47: ='6AAs'!B63 -> 0.0068164847 | AE47: ='6AAs'!C63 -> 0.0041804126
A48: iWAT | B48: =Glucose!B64 -> 0.12083919 | C48: =Glucose!C64 -> 0.028683395 | D48: =Lactate!B64 -> 0.24066073 | E48: =Lactate!C64 -> 0.021320774 | F48: =Glutamine!B64 -> 0.11659964 | G48: =Glutamine!C64 -> 0.0080373116 | H48: =Alanine!B64 -> NaN | I48: =Alanine!C64 -> NaN | J48: ='3HB'!B64 -> NaN | K48: ='3HB'!C64 -> NaN | L48: =Palmitate!B64 -> 0.013954299 | M48: =Palmitate!C64 -> 0.009879321 | N48: =Oleate!B64 -> NaN | O48: =Oleate!C64 -> NaN | P48: =Linoleate!B64 -> 0.053817557 | Q48: =Linoleate!C64 -> 0.013821045 | R48: =Serine!B64 -> NaN | S48: =Serine!C64 -> NaN | T48: =Glycine!B64 -> 0.0052272938 | U48: =Glycine!C64 -> 0.0021735481 | V48: =Citrate!B64 -> NaN | W48: =Citrate!C64 -> NaN | X48: =Acetate!B64 -> 0.059125122 | Y48: =Acetate!C64 -> 0.0019814314 | Z48: =Glycerol!B64 -> NaN | AA48: =Glycerol!C64 -> NaN | AB48: =BCAAs!B64 -> NaN | AC48: =BCAAs!C64 -> NaN | AD48: ='6AAs'!B64 -> NaN | AE48: ='6AAs'!C64 -> NaN
A49: Small intestine | B49: =Glucose!B65 -> 0.12714374 | C49: =Glucose!C65 -> 0.01503717 | D49: =Lactate!B65 -> 0.24948937 | E49: =Lactate!C65 -> 0.040023499 | F49: =Glutamine!B65 -> 0.34622911 | G49: =Glutamine!C65 -> 0.025626352 | H49: =Alanine!B65 -> 0.081557849 | I49: =Alanine!C65 -> 0.016032443 | J49: ='3HB'!B65 -> 0.1341066 | K49: ='3HB'!C65 -> 0.024721206 | L49: =Palmitate!B65 -> 0.095689613 | M49: =Palmitate!C65 -> 0.015418041 | N49: =Oleate!B65 -> 0.12351969 | O49: =Oleate!C65 -> 0.019194616 | P49: =Linoleate!B65 -> 0.18094436 | Q49: =Linoleate!C65 -> 0.041583457 | R49: =Serine!B65 -> 0.0040529586 | S49: =Serine!C65 -> 0.002076112 | T49: =Glycine!B65 -> 0.0028015725 | U49: =Glycine!C65 -> 0.00046653974 | V49: =Citrate!B65 -> 0.01094239 | W49: =Citrate!C65 -> 0.0016575776 | X49: =Acetate!B65 -> 0.075871821 | Y49: =Acetate!C65 -> 0.010143971 | Z49: =Glycerol!B65 -> 0.051129433 | AA49: =Glycerol!C65 -> 0.0094272931 | AB49: =BCAAs!B65 -> 0.030386644 | AC49: =BCAAs!C65 -> 0.004355652 | AD49: ='6AAs'!B65 -> 0.014530097 | AE49: ='6AAs'!C65 -> 0.0015233926
... A52: Bone | B52: =Glucose!B68 -> NaN | C52: =Glucose!C68 -> NaN | D52: =Lactate!B68 -> NaN | E52: =Lactate!C68 -> NaN | F52: =Glutamine!B68 -> NaN | G52: =Glutamine!C68 -> NaN | H52: =Alanine!B68 -> NaN | I52: =Alanine!C68 -> NaN | J52: ='3HB'!B68 -> NaN | K52: ='3HB'!C68 -> NaN | L52: =Palmitate!B68 -> NaN | M52: =Palmitate!C68 -> NaN | N52: =Oleate!B68 -> NaN | O52: =Oleate!C68 -> NaN | P52: =Linoleate!B68 -> NaN | Q52: =Linoleate!C68 -> NaN | R52: =Serine!B68 -> NaN | S52: =Serine!C68 -> NaN | T52: =Glycine!B68 -> NaN | U52: =Glycine!C68 -> NaN | V52: =Citrate!B68 -> NaN | W52: =Citrate!C68 -> NaN | X52: =Acetate!B68 -> NaN | Y52: =Acetate!C68 -> NaN | Z52: =Glycerol!B68 -> NaN | AA52: =Glycerol!C68 -> NaN | AB52: =BCAAs!B68 -> NaN | AC52: =BCAAs!C68 -> NaN | AD52: ='6AAs'!B68 -> NaN | AE52: ='6AAs'!C68 -> NaN

Sheet Refed
B1: Glucose infusion | D1: Lactate infusion | F1: Glutamine infusion | H1: Alanine Infusion | J1: 3HB infusion | L1: Palmitic acid infusion | N1: Oleic acid infusion | P1: Linoleic acid infusion | R1: Seine infusion | T1: Glycine infusion | V1: Citrate infusion | X1: Acetate infusion | Z1: Glycerol infusion | AB1: BCAAs infusion | AD1: 6AAs infusion
B2: Mean | C2: SEM | D2: Mean | E2: SEM | F2: Mean | G2: SEM | H2: Mean | I2: SEM | J2: Mean | K2: SEM | L2: Mean | M2: SEM | N2: Mean | O2: SEM | P2: Mean | Q2: SEM | R2: Mean | S2: SEM | T2: Mean | U2: SEM | V2: Mean | W2: SEM | X2: Mean | Y2: SEM | Z2: Mean | AA2: SEM | AB2: Mean | AC2: SEM | AD2: Mean | AE2: SEM
A3: Serum
A4: glucose | B4: =Glucose!B99 -> 1 | C4: =Glucose!C99 -> 0 | D4: =Lactate!B99 -> 0.18055056 | E4: =Lactate!C99 -> 0.033587339 | F4: =Glutamine!B99 -> 0.04076097 | G4: =Glutamine!C99 -> 0.0097451 | H4: =Alanine!B99 -> 0.060576256 | I4: =Alanine!C99 -> 0.012189605 | J4: ='3HB'!B99 -> 0.0031831372 | K4: ='3HB'!C99 -> 0.00023054045 | L4: =Palmitate!B99 -> 0.0047080477 | M4: =Palmitate!C99 -> 0.00076595396 | N4: =Oleate!B99 -> 0.025233255 | O4: =Oleate!C99 -> 0.006914697 | P4: =Linoleate!B99 -> 0.041605183 | Q4: =Linoleate!C99 -> 0.0056100614 | R4: =Serine!B99 -> 0.016000517 | S4: =Serine!C99 -> 0.00093592485 | T4: =Glycine!B99 -> 0.0023734534 | U4: =Glycine!C99 -> 0.00098479692 | V4: =Citrate!B99 -> 0.011178664 | W4: =Citrate!C99 -> 0.0019324498 | X4: =Acetate!B99 -> 0.015763378 | Y4: =Acetate!C99 -> 0.0033034608 | Z4: =Glycerol!B99 -> 0.05774472 | AA4: =Glycerol!C99 -> 0.0050738728 | AB4: =BCAAs!B99 -> 0.0067179612 | AC4: =BCAAs!C99 -> 0.00092016352 | AD4: ='6AAs'!B99 -> 0.019262513 | AE4: ='6AAs'!C99 -> 0.0030763023
A5: lactate | B5: =Glucose!B100 -> 0.79297216 | C5: =Glucose!C100 -> 0.018041733 | D5: =Lactate!B100 -> 1 | E5: =Lactate!C100 -> 4.1114672e-17 | F5: =Glutamine!B100 -> 0.038142502 | G5: =Glutamine!C100 -> 0.015995018 | H5: =Alanine!B100 -> 0.11709725 | I5: =Alanine!C100 -> 0.017959478 | J5: ='3HB'!B100 -> 0.0049152531 | K5: ='3HB'!C100 -> 0.00046013907 | L5: =Palmitate!B100 -> 0.012401563 | M5: =Palmitate!C100 -> 0.0025145358 | N5: =Oleate!B100 -> 0.026423631 | O5: =Oleate!C100 -> 0.0063613878 | P5: =Linoleate!B100 -> 0.049747238 | Q5: =Linoleate!C100 -> 0.0057814284 | R5: =Serine!B100 -> 0.010549309 | S5: =Serine!C100 -> 0.0005012736 | T5: =Glycine!B100 -> 0.0065912855 | U5: =Glycine!C100 -> 0.00086046263 | V5: =Citrate!B100 -> 0.0076884796 | W5: =Citrate!C100 -> 0.00054374865 | X5: =Acetate!B100 -> 0.022803839 | Y5: =Acetate!C100 -> 0.0051815557 | Z5: =Glycerol!B100 -> 0.081802782 | AA5: =Glycerol!C100 -> 0.0065994703 | AB5: =BCAAs!B100 -> 0.014029039 | AC5: =BCAAs!C100 -> 0.000491532 | AD5: ='6AAs'!B100 -> 0.0213763 | AE5: ='6AAs'!C100 -> 0.0019796528
A6: glutamine | B6: =Glucose!B101 -> 0.21493543 | C6: =Glucose!C101 -> 0.020644665 | D6: =Lactate!B101 -> 0.25455363 | E6: =Lactate!C101 -> 0.027189506 | F6: =Glutamine!B101 -> 1 | G6: =Glutamine!C101 -> 0 | H6: =Alanine!B101 -> 0.086455207 | I6: =Alanine!C101 -> 0.0037728693 | J6: ='3HB'!B101 -> 0.011963776 | K6: ='3HB'!C101 -> 0.00023634494 | L6: =Palmitate!B101 -> 0.027085385 | M6: =Palmitate!C101 -> 0.0035462193 | N6: =Oleate!B101 -> 0.078115707 | O6: =Oleate!C101 -> 0.016866609 | P6: =Linoleate!B101 -> 0.10010959 | Q6: =Linoleate!C101 -> 0.0066001344 | R6: =Serine!B101 -> 0.0031266305 | S6: =Serine!C101 -> 0.00086095763 | T6: =Glycine!B101 -> 0.00058724885 | U6: =Glycine!C101 -> 0.00058724885 | V6: =Citrate!B101 -> 0.020221217 | W6: =Citrate!C101 -> 0.0033940371 | X6: =Acetate!B101 -> 0.047727901 | Y6: =Acetate!C101 -> 0.0063297592 | Z6: =Glycerol!B101 -> 0.012003952 | AA6: =Glycerol!C101 -> 0.0019638973 | AB6: =BCAAs!B101 -> 0.024326925 | AC6: =BCAAs!C101 -> 0.0014129225 | AD6: ='6AAs'!B101 -> 0.024039876 | AE6: ='6AAs'!C101 -> 0.0036646332
A7: alanine | B7: =Glucose!B102 -> 0.45928663 | C7: =Glucose!C102 -> 0.042693472 | D7: =Lactate!B102 -> 0.48732737 | E7: =Lactate!C102 -> 0.026587595 | F7: =Glutamine!B102 -> 0.030042665 | G7: =Glutamine!C102 -> 0.018332514 | H7: =Alanine!B102 -> 1 | I7: =Alanine!C102 -> 0 | J7: ='3HB'!B102 -> 0.0033673826 | K7: ='3HB'!C102 -> 8.6513131e-06 | L7: =Palmitate!B102 -> 0.0021738773 | M7: =Palmitate!C102 -> 0.00151754 | N7: =Oleate!B102 -> 0.0059410775 | O7: =Oleate!C102 -> 0.0027904409 | P7: =Linoleate!B102 -> 0.011765337 | Q7: =Linoleate!C102 -> 0.0048533385 | R7: =Serine!B102 -> 0.0035145015 | S7: =Serine!C102 -> 0.00080642907 | T7: =Glycine!B102 -> 0.002447754 | U7: =Glycine!C102 -> 0.00050407328 | V7: =Citrate!B102 -> 0.0057835312 | W7: =Citrate!C102 -> 0.0006272533 | X7: =Acetate!B102 -> 0.012849124 | Y7: =Acetate!C102 -> 0.0029551156 | Z7: =Glycerol!B102 -> 0.032534532 | AA7: =Glycerol!C102 -> 0.0091780514 | AB7: =BCAAs!B102 -> 0.0021915923 | AC7: =BCAAs!C102 -> 0.0020151088 | AD7: ='6AAs'!B102 -> 0.023156131 | AE7: ='6AAs'!C102 -> 0.0050000365
A8: 3-hydroxybutyrate | B8: =Glucose!B103 -> 0.027177727 | C8: =Glucose!C103 -> 0.010080348 | D8: =Lactate!B103 -> 0.01439621 | E8: =Lactate!C103 -> 0.0079714714 | F8: =Glutamine!B103 -> 0.0014972798 | G8: =Glutamine!C103 -> 0.0028418399 | H8: =Alanine!B103 -> 0.0079221121 | I8: =Alanine!C103 -> 0.0051971734 | J8: ='3HB'!B103 -> 1 | K8: ='3HB'!C103 -> 0 | L8: =Palmitate!B103 -> 0.021037594 | M8: =Palmitate!C103 -> 0.0071967152 | N8: =Oleate!B103 -> 0.14965176 | O8: =Oleate!C103 -> 0.017206343 | P8: =Linoleate!B103 -> 0.19484424 | Q8: =Linoleate!C103 -> 0.034609606 | R8: =Serine!B103 -> 0 | S8: =Serine!C103 -> 0 | T8: =Glycine!B103 -> 0 | U8: =Glycine!C103 -> 0 | V8: =Citrate!B103 -> 0.00014728143 | W8: =Citrate!C103 -> 0.00014728143 | X8: =Acetate!B103 -> 0.0051099162 | Y8: =Acetate!C103 -> 0.0010203757 | Z8: =Glycerol!B103 -> 0 | AA8: =Glycerol!C103 -> 0 | AB8: =BCAAs!B103 -> 0.028816849 | AC8: =BCAAs!C103 -> 0.0023332794 | AD8: ='6AAs'!B103 -> 0.067843819 | AE8: ='6AAs'!C103 -> 0.026521732
A9: palmitic acid | B9: =Glucose!B104 -> 0.012473429 | C9: =Glucose!C104 -> 0.0041540596 | D9: =Lactate!B104 -> 0.00089237628 | E9: =Lactate!C104 -> 0.00046340844 | F9: =Glutamine!B104 -> 0.00015068407 | G9: =Glutamine!C104 -> 0.00021666199 | H9: =Alanine!B104 -> 0 | I9: =Alanine!C104 -> 0 | J9: ='3HB'!B104 -> 4.482992e-05 | K9: ='3HB'!C104 -> 1.4427661e-05 | L9: =Palmitate!B104 -> 1 | M9: =Palmitate!C104 -> 0 | N9: =Oleate!B104 -> 0.0013612644 | O9: =Oleate!C104 -> 0.0010628485 | P9: =Linoleate!B104 -> 0.003484386 | Q9: =Linoleate!C104 -> 0.0014913388 | R9: =Serine!B104 -> 0 | S9: =Serine!C104 -> 0 | T9: =Glycine!B104 -> 0.0013011224 | U9: =Glycine!C104 -> 0.0013011224 | V9: =Citrate!B104 -> 0.00013615256 | W9: =Citrate!C104 -> 6.9458331e-05 | X9: =Acetate!B104 -> 0.0017239297 | Y9: =Acetate!C104 -> 0.00060563683 | Z9: =Glycerol!B104 -> 7.9788633e-05 | AA9: =Glycerol!C104 -> 5.3888974e-05 | AB9: =BCAAs!B104 -> 6.8309032e-05 | AC9: =BCAAs!C104 -> 5.0139114e-05 | AD9: ='6AAs'!B104 -> 0.0011988803 | AE9: ='6AAs'!C104 -> 0.00098197887
A10: oleic acid | B10: =Glucose!B105 -> 0.0013486988 | C10: =Glucose!C105 -> 0.00051420859 | D10: =Lactate!B105 -> 0.00059119932 | E10: =Lactate!C105 -> 0.00048194942 | F10: =Glutamine!B105 -> 0.00010162326 | G10: =Glutamine!C105 -> 0.00020721587 | H10: =Alanine!B105 -> 0 | I10: =Alanine!C105 -> 0 | J10: ='3HB'!B105 -> 0 | K10: ='3HB'!C105 -> 0 | L10: =Palmitate!B105 -> 0.0087538364 | M10: =Palmitate!C105 -> 0.0021609049 | N10: =Oleate!B105 -> 1 | O10: =Oleate!C105 -> 0 | P10: =Linoleate!B105 -> 0.0053430755 | Q10: =Linoleate!C105 -> 0.0016293773 | R10: =Serine!B105 -> 6.4238125e-05 | S10: =Serine!C105 -> 3.232974e-05 | T10: =Glycine!B105 -> 0 | U10: =Glycine!C105 -> 0 | V10: =Citrate!B105 -> 0 | W10: =Citrate!C105 -> 0 | X10: =Acetate!B105 -> 9.9284473e-05 | Y10: =Acetate!C105 -> 5.9798546e-05 | Z10: =Glycerol!B105 -> 0 | AA10: =Glycerol!C105 -> 0 | AB10: =BCAAs!B105 -> 8.9880319e-05 | AC10: =BCAAs!C105 -> 5.6849588e-05 | AD10: ='6AAs'!B105 -> 0.00048469937 | AE10: ='6AAs'!C105 -> 0.00027629647
A11: linoleic acid | B11: =Glucose!B106 -> 0.00011182799 | C11: =Glucose!C106 -> 0.00011182799 | D11: =Lactate!B106 -> 0.00035117527 | E11: =Lactate!C106 -> 0.00035117527 | F11: =Glutamine!B106 -> 2.9378947e-05 | G11: =Glutamine!C106 -> 8.8136841e-05 | H11: =Alanine!B106 -> 0 | I11: =Alanine!C106 -> 0 | J11: ='3HB'!B106 -> 0 | K11: ='3HB'!C106 -> 0 | L11: =Palmitate!B106 -> 0.0017928983 | M11: =Palmitate!C106 -> 0.0017928983 | N11: =Oleate!B106 -> 0 | O11: =Oleate!C106 -> 0 | P11: =Linoleate!B106 -> 1 | Q11: =Linoleate!C106 -> 0 | R11: =Serine!B106 -> 0 | S11: =Serine!C106 -> 0 | T11: =Glycine!B106 -> 0 | U11: =Glycine!C106 -> 0 | V11: =Citrate!B106 -> 0 | W11: =Citrate!C106 -> 0 | X11: =Acetate!B106 -> 0.00017923817 | Y11: =Acetate!C106 -> 0.00017923817 | Z11: =Glycerol!B106 -> 0 | AA11: =Glycerol!C106 -> 0 | AB11: =BCAAs!B106 -> 0 | AC11: =BCAAs!C106 -> 0 | AD11: ='6AAs'!B106 -> 0 | AE11: ='6AAs'!C106 -> 0
A12: serine | B12: =Glucose!B107 -> 0.079432354 | C12: =Glucose!C107 -> 0.017316419 | D12: =Lactate!B107 -> 0.014371063 | E12: =Lactate!C107 -> 0.0040163824 | F12: =Glutamine!B107 -> 0.0044529846 | G12: =Glutamine!C107 -> 0.0055637083 | H12: =Alanine!B107 -> 0.0011794364 | I12: =Alanine!C107 -> 0.0011794364 | J12: ='3HB'!B107 -> 0 | K12: ='3HB'!C107 -> 0 | L12: =Palmitate!B107 -> 0 | M12: =Palmitate!C107 -> 0 | N12: =Oleate!B107 -> 0 | O12: =Oleate!C107 -> 0 | P12: =Linoleate!B107 -> 0.00054984413 | Q12: =Linoleate!C107 -> 0.00054984413 | R12: =Serine!B107 -> 1 | S12: =Serine!C107 -> 0 | T12: =Glycine!B107 -> 0.044840854 | U12: =Glycine!C107 -> 0.0054810883 | V12: =Citrate!B107 -> 1.3121989e-05 | W12: =Citrate!C107 -> 1.3121989e-05 | X12: =Acetate!B107 -> 0.00076685316 | Y12: =Acetate!C107 -> 0.00076685316 | Z12: =Glycerol!B107 -> 0.0076525638 | AA12: =Glycerol!C107 -> 0.0014044615 | AB12: =BCAAs!B107 -> 0 | AC12: =BCAAs!C107 -> 0 | AD12: ='6AAs'!B107 -> 0 | AE12: ='6AAs'!C107 -> 0
A13: glycine | B13: =Glucose!B108 -> 0.018190754 | C13: =Glucose!C108 -> 0.0083174891 | D13: =Lactate!B108 -> 0.023943602 | E13: =Lactate!C108 -> 0.0098429661 | F13: =Glutamine!B108 -> 0.002957974 | G13: =Glutamine!C108 -> 0.0046645158 | H13: =Alanine!B108 -> 0.00099266969 | I13: =Alanine!C108 -> 0.00099266969 | J13: ='3HB'!B108 -> 0.00051730568 | K13: ='3HB'!C108 -> 0.00051730568 | L13: =Palmitate!B108 -> 0 | M13: =Palmitate!C108 -> 0 | N13: =Oleate!B108 -> 0 | O13: =Oleate!C108 -> 0 | P13: =Linoleate!B108 -> 0.0052996791 | Q13: =Linoleate!C108 -> 0.0028053048 | R13: =Serine!B108 -> 0.17924883 | S13: =Serine!C108 -> 0.014605996 | T13: =Glycine!B108 -> 1 | U13: =Glycine!C108 -> 0 | V13: =Citrate!B108 -> 0.0025564505 | W13: =Citrate!C108 -> 0.0015592827 | X13: =Acetate!B108 -> 0.0063283362 | Y13: =Acetate!C108 -> 0.0043367069 | Z13: =Glycerol!B108 -> 0 | AA13: =Glycerol!C108 -> 0 | AB13: =BCAAs!B108 -> 0.008633892 | AC13: =BCAAs!C108 -> 0.008633892 | AD13: ='6AAs'!B108 -> 0.0093221739 | AE13: ='6AAs'!C108 -> 0.0093221739
A14: citrate | B14: =Glucose!B109 -> 0.16575221 | C14: =Glucose!C109 -> 0.0085018301 | D14: =Lactate!B109 -> 0.19602539 | E14: =Lactate!C109 -> 0.013385392 | F14: =Glutamine!B109 -> 0.06338369 | G14: =Glutamine!C109 -> 0.014741795 | H14: =Alanine!B109 -> 0.037189105 | I14: =Alanine!C109 -> 0.011584114 | J14: ='3HB'!B109 -> 0.01646145 | K14: ='3HB'!C109 -> 0.011148798 | L14: =Palmitate!B109 -> 0.013692845 | M14: =Palmitate!C109 -> 0.0010461062 | N14: =Oleate!B109 -> 0.024937336 | O14: =Oleate!C109 -> 0.01277789 | P14: =Linoleate!B109 -> 0.048788304 | Q14: =Linoleate!C109 -> 0.0081795026 | R14: =Serine!B109 -> NaN | S14: =Serine!C109 -> NaN | T14: =Glycine!B109 -> 0.0022176006 | U14: =Glycine!C109 -> 0.00047176813 | V14: =Citrate!B109 -> 1 | W14: =Citrate!C109 -> 0 | X14: =Acetate!B109 -> 0.055146538 | Y14: =Acetate!C109 -> 0.017425554 | Z14: =Glycerol!B109 -> 0.0079883087 | AA14: =Glycerol!C109 -> 0.0029628577 | AB14: =BCAAs!B109 -> 0.0096288441 | AC14: =BCAAs!C109 -> 0.0027570487 | AD14: ='6AAs'!B109 -> 0.0029168372 | AE14: ='6AAs'!C109 -> 0.0019372326
A15: acetate | B15: =Glucose!B110 -> 0.043913805 | C15: =Glucose!C110 -> 0.0020128854 | D15: =Lactate!B110 -> 0.030099051 | E15: =Lactate!C110 -> 0.0092716538 | F15: =Glutamine!B110 -> NaN | G15: =Glutamine!C110 -> NaN | H15: =Alanine!B110 -> NaN | I15: =Alanine!C110 -> NaN | J15: ='3HB'!B110 -> NaN | K15: ='3HB'!C110 -> NaN | L15: =Palmitate!B110 -> 0.0085741542 | M15: =Palmitate!C110 -> 0.00032170551 | N15: =Oleate!B110 -> 0.054866806 | O15: =Oleate!C110 -> 0.01349266 | P15: =Linoleate!B110 -> 0.14220247 | Q15: =Linoleate!C110 -> 0.036061211 | R15: =Serine!B110 -> NaN | S15: =Serine!C110 -> NaN | T15: =Glycine!B110 -> NaN | U15: =Glycine!C110 -> NaN | V15: =Citrate!B110 -> NaN | W15: =Citrate!C110 -> NaN | X15: =Acetate!B110 -> 1 | Y15: =Acetate!C110 -> 0 | Z15: =Glycerol!B110 -> 0.0045861785 | AA15: =Glycerol!C110 -> 0.0011493313 | AB15: =BCAAs!B110 -> NaN | AC15: =BCAAs!C110 -> NaN | AD15: ='6AAs'!B110 -> 0.0065874467 | AE15: ='6AAs'!C110 -> 0.001339087
... A18: 6AAs | B18: =Glucose!B113 -> 0 | C18: =Glucose!C113 -> 0 | D18: =Lactate!B113 -> 0 | E18: =Lactate!C113 -> 0 | F18: =Glutamine!B113 -> 0 | G18: =Glutamine!C113 -> 0 | H18: =Alanine!B113 -> 0 | I18: =Alanine!C113 -> 0 | J18: ='3HB'!B113 -> 0 | K18: ='3HB'!C113 -> 0 | L18: =Palmitate!B113 -> 0 | M18: =Palmitate!C113 -> 0 | N18: =Oleate!B113 -> 0 | O18: =Oleate!C113 -> 0 | P18: =Linoleate!B113 -> 0 | Q18: =Linoleate!C113 -> 0 | R18: =Serine!B113 -> 0 | S18: =Serine!C113 -> 0 | T18: =Glycine!B113 -> 0 | U18: =Glycine!C113 -> 0 | V18: =Citrate!B113 -> 0 | W18: =Citrate!C113 -> 0 | X18: =Acetate!B113 -> 0 | Y18: =Acetate!C113 -> 0 | Z18: =Glycerol!B113 -> 0 | AA18: =Glycerol!C113 -> 0 | AB18: =BCAAs!B113 -> 0 | AC18: =BCAAs!C113 -> 0 | AD18: ='6AAs'!B113 -> 1 | AE18: ='6AAs'!C113 -> 0
A20: Tissue malate
A21: Brain | B21: =Glucose!B117 -> 0.82472775 | C21: =Glucose!C117 -> 0.014912265 | D21: =Lactate!B117 -> 0.25457765 | E21: =Lactate!C117 -> 0.021990433 | F21: =Glutamine!B117 -> 0.060037028 | G21: =Glutamine!C117 -> 0.010076888 | H21: =Alanine!B117 -> 0.068898034 | I21: =Alanine!C117 -> 0.013833318 | J21: ='3HB'!B117 -> 0.0074332894 | K21: ='3HB'!C117 -> 0.00074907892 | L21: =Palmitate!B117 -> 0.0068820302 | M21: =Palmitate!C117 -> 0.0020298257 | N21: =Oleate!B117 -> 0.028706377 | O21: =Oleate!C117 -> 0.0092714053 | P21: =Linoleate!B117 -> 0.040262524 | Q21: =Linoleate!C117 -> 0.012441957 | R21: =Serine!B117 -> 0.014906985 | S21: =Serine!C117 -> 0.0009269961 | T21: =Glycine!B117 -> 0.0063207411 | U21: =Glycine!C117 -> 0.0020584711 | V21: =Citrate!B117 -> 0.0084139472 | W21: =Citrate!C117 -> 0.0017183973 | X21: =Acetate!B117 -> 0.022301908 | Y21: =Acetate!C117 -> 0.0023072405 | Z21: =Glycerol!B117 -> 0.056424379 | AA21: =Glycerol!C117 -> 0.0063841895 | AB21: =BCAAs!B117 -> 0.0091538032 | AC21: =BCAAs!C117 -> 0.0027862053 | AD21: ='6AAs'!B117 -> 0.021139697 | AE21: ='6AAs'!C117 -> 0.0014580163
A22: Muscle | B22: =Glucose!B118 -> 0.43539924 | C22: =Glucose!C118 -> 0.044458106 | D22: =Lactate!B118 -> 0.29735308 | E22: =Lactate!C118 -> 0.02552085 | F22: =Glutamine!B118 -> 0.078298153 | G22: =Glutamine!C118 -> 0.0064629733 | H22: =Alanine!B118 -> 0.074100901 | I22: =Alanine!C118 -> 0.0042893263 | J22: ='3HB'!B118 -> 0.010766319 | K22: ='3HB'!C118 -> 0.0028806447 | L22: =Palmitate!B118 -> 0.049198182 | M22: =Palmitate!C118 -> 0.0044067913 | N22: =Oleate!B118 -> 0.15304298 | O22: =Oleate!C118 -> 0.0047056363 | P22: =Linoleate!B118 -> 0.10562088 | Q22: =Linoleate!C118 -> 0.035001928 | R22: =Serine!B118 -> 0.0050457324 | S22: =Serine!C118 -> 0.00045358929 | T22: =Glycine!B118 -> 0.0039551966 | U22: =Glycine!C118 -> 0.0016588036 | V22: =Citrate!B118 -> 0.0040561191 | W22: =Citrate!C118 -> 0.0006475099 | X22: =Acetate!B118 -> 0.064713128 | Y22: =Acetate!C118 -> 0.0045467804 | Z22: =Glycerol!B118 -> 0.029544578 | AA22: =Glycerol!C118 -> 0.0074488074 | AB22: =BCAAs!B118 -> 0.046072705 | AC22: =BCAAs!C118 -> 0.0082384517 | AD22: ='6AAs'!B118 -> 0.012614462 | AE22: ='6AAs'!C118 -> 0.0035961054
A23: Kidney | B23: =Glucose!B119 -> 0.38863016 | C23: =Glucose!C119 -> 0.021579196 | D23: =Lactate!B119 -> 0.52083547 | E23: =Lactate!C119 -> 0.070715017 | F23: =Glutamine!B119 -> 0.12353107 | G23: =Glutamine!C119 -> 0.014841328 | H23: =Alanine!B119 -> 0.084779572 | I23: =Alanine!C119 -> 0.023080121 | J23: ='3HB'!B119 -> 0.048415331 | K23: ='3HB'!C119 -> 0.011193303 | L23: =Palmitate!B119 -> 0.034219172 | M23: =Palmitate!C119 -> 0.0044895123 | N23: =Oleate!B119 -> 0.093920547 | O23: =Oleate!C119 -> 0.0080658335 | P23: =Linoleate!B119 -> 0.17521999 | Q23: =Linoleate!C119 -> 0.01589186 | R23: =Serine!B119 -> 0.0064765308 | S23: =Serine!C119 -> 0.00028633783 | T23: =Glycine!B119 -> 0.0071017707 | U23: =Glycine!C119 -> 0.0018248231 | V23: =Citrate!B119 -> 0.0867263 | W23: =Citrate!C119 -> 0.012834734 | X23: =Acetate!B119 -> 0.083797703 | Y23: =Acetate!C119 -> 0.013335074 | Z23: =Glycerol!B119 -> 0.076027169 | AA23: =Glycerol!C119 -> 0.0056687725 | AB23: =BCAAs!B119 -> 0.030507101 | AC23: =BCAAs!C119 -> 0.0027324045 | AD23: ='6AAs'!B119 -> 0.022286425 | AE23: ='6AAs'!C119 -> 0.0044344274
A24: Liver | B24: =Glucose!B120 -> 0.33807861 | C24: =Glucose!C120 -> 0.031362064 | D24: =Lactate!B120 -> 0.33792811 | E24: =Lactate!C120 -> 0.02759259 | F24: =Glutamine!B120 -> 0.16110047 | G24: =Glutamine!C120 -> 0.024685665 | H24: =Alanine!B120 -> 0.11478467 | I24: =Alanine!C120 -> 0.011251076 | J24: ='3HB'!B120 -> 0.0081338013 | K24: ='3HB'!C120 -> 9.8597362e-05 | L24: =Palmitate!B120 -> 0.026041856 | M24: =Palmitate!C120 -> 0.0021263566 | N24: =Oleate!B120 -> 0.0599058 | O24: =Oleate!C120 -> 0.010281862 | P24: =Linoleate!B120 -> 0.099024725 | Q24: =Linoleate!C120 -> 0.012684907 | R24: =Serine!B120 -> 0.013889229 | S24: =Serine!C120 -> 0.0003352587 | T24: =Glycine!B120 -> 0.0082301463 | U24: =Glycine!C120 -> 0.0026549985 | V24: =Citrate!B120 -> 0.0088237934 | W24: =Citrate!C120 -> 0.0026023733 | X24: =Acetate!B120 -> 0.026058907 | Y24: =Acetate!C120 -> 0.003853477 | Z24: =Glycerol!B120 -> 0.040146729 | AA24: =Glycerol!C120 -> 0.004437702 | AB24: =BCAAs!B120 -> 0.017745791 | AC24: =BCAAs!C120 -> 0.0022532221 | AD24: ='6AAs'!B120 -> 0.049836698 | AE24: ='6AAs'!C120 -> 0.0078054608
A25: Spleen | B25: =Glucose!B121 -> 0.23031039 | C25: =Glucose!C121 -> 0.019631375 | D25: =Lactate!B121 -> 0.27777956 | E25: =Lactate!C121 -> 0.034895664 | F25: =Glutamine!B121 -> 0.2970392 | G25: =Glutamine!C121 -> 0.018874978 | H25: =Alanine!B121 -> 0.065724852 | I25: =Alanine!C121 -> 0.0087694858 | J25: ='3HB'!B121 -> 0.03425447 | K25: ='3HB'!C121 -> 0.0021300366 | L25: =Palmitate!B121 -> 0.071728546 | M25: =Palmitate!C121 -> 0.0047003601 | N25: =Oleate!B121 -> 0.12497368 | O25: =Oleate!C121 -> 0.0010913819 | P25: =Linoleate!B121 -> 0.15839834 | Q25: =Linoleate!C121 -> 0.014810021 | R25: =Serine!B121 -> 0.0060003522 | S25: =Serine!C121 -> 0.00047248811 | T25: =Glycine!B121 -> 0.0048271517 | U25: =Glycine!C121 -> 0.00038663593 | V25: =Citrate!B121 -> 0.0063955739 | W25: =Citrate!C121 -> 0.0014987046 | X25: =Acetate!B121 -> 0.15010197 | Y25: =Acetate!C121 -> 0.014139346 | Z25: =Glycerol!B121 -> 0.026053152 | AA25: =Glycerol!C121 -> 0.0056948642 | AB25: =BCAAs!B121 -> 0.027856565 | AC25: =BCAAs!C121 -> 0.0032888571 | AD25: ='6AAs'!B121 -> 0.020241455 | AE25: ='6AAs'!C121 -> 0.0026490613
A26: Skin | B26: =Glucose!B122 -> NaN | C26: =Glucose!C122 -> NaN | D26: =Lactate!B122 -> NaN | E26: =Lactate!C122 -> NaN | F26: =Glutamine!B122 -> NaN | G26: =Glutamine!C122 -> NaN | H26: =Alanine!B122 -> NaN | I26: =Alanine!C122 -> NaN | J26: ='3HB'!B122 -> NaN | K26: ='3HB'!C122 -> NaN | L26: =Palmitate!B122 -> NaN | M26: =Palmitate!C122 -> NaN | N26: =Oleate!B122 -> NaN | O26: =Oleate!C122 -> NaN | P26: =Linoleate!B122 -> 0 | Q26: =Linoleate!C122 -> 0 | R26: =Serine!B122 -> NaN | S26: =Serine!C122 -> NaN | T26: =Glycine!B122 -> 0 | U26: =Glycine!C122 -> 0 | V26: =Citrate!B122 -> NaN | W26: =Citrate!C122 -> NaN | X26: =Acetate!B122 -> NaN | Y26: =Acetate!C122 -> NaN | Z26: =Glycerol!B122 -> NaN | AA26: =Glycerol!C122 -> NaN | AB26: =BCAAs!B122 -> NaN | AC26: =BCAAs!C122 -> NaN | AD26: ='6AAs'!B122 -> NaN | AE26: ='6AAs'!C122 -> NaN
A27: Pancreas | B27: =Glucose!B123 -> 0.27616406 | C27: =Glucose!C123 -> 0.012713912 | D27: =Lactate!B123 -> 0.33830353 | E27: =Lactate!C123 -> 0.024741191 | F27: =Glutamine!B123 -> 0.37818852 | G27: =Glutamine!C123 -> 0.039984436 | H27: =Alanine!B123 -> 0.19179787 | I27: =Alanine!C123 -> 0.0266618 | J27: ='3HB'!B123 -> 0.019710377 | K27: ='3HB'!C123 -> 0.0024308373 | L27: =Palmitate!B123 -> 0.023024971 | M27: =Palmitate!C123 -> 0.0022686884 | N27: =Oleate!B123 -> 0.073936618 | O27: =Oleate!C123 -> 0.0048283767 | P27: =Linoleate!B123 -> 0.098129216 | Q27: =Linoleate!C123 -> 0.014241957 | R27: =Serine!B123 -> 0.014762357 | S27: =Serine!C123 -> 0.001100438 | T27: =Glycine!B123 -> 0.0083810242 | U27: =Glycine!C123 -> 0.00059461257 | V27: =Citrate!B123 -> 0.0075652496 | W27: =Citrate!C123 -> 0.0029075783 | X27: =Acetate!B123 -> 0.04826968 | Y27: =Acetate!C123 -> 0.010235927 | Z27: =Glycerol!B123 -> 0.028541797 | AA27: =Glycerol!C123 -> 0.0035591559 | AB27: =BCAAs!B123 -> 0.16916592 | AC27: =BCAAs!C123 -> 0.028379646 | AD27: ='6AAs'!B123 -> 0.040562553 | AE27: ='6AAs'!C123 -> 0.0058245759
A28: Lung | B28: =Glucose!B124 -> 0.37599128 | C28: =Glucose!C124 -> 0.013376853 | D28: =Lactate!B124 -> 0.38974615 | E28: =Lactate!C124 -> 0.041881449 | F28: =Glutamine!B124 -> 0.11724703 | G28: =Glutamine!C124 -> 0.0089944467 | H28: =Alanine!B124 -> 0.08898453 | I28: =Alanine!C124 -> 0.021047195 | J28: ='3HB'!B124 -> 0.016717369 | K28: ='3HB'!C124 -> #DIV/0! | L28: =Palmitate!B124 -> 0.072842048 | M28: =Palmitate!C124 -> 0.0051557591 | N28: =Oleate!B124 -> 0.11882323 | O28: =Oleate!C124 -> 0.00084875439 | P28: =Linoleate!B124 -> 0.12458943 | Q28: =Linoleate!C124 -> 0.021472628 | R28: =Serine!B124 -> 0.0066241382 | S28: =Serine!C124 -> 0.00018284557 | T28: =Glycine!B124 -> 0.005460357 | U28: =Glycine!C124 -> 0.0012540078 | V28: =Citrate!B124 -> 0.010473726 | W28: =Citrate!C124 -> 0.0016053813 | X28: =Acetate!B124 -> 0.10860811 | Y28: =Acetate!C124 -> 0.015206613 | Z28: =Glycerol!B124 -> 0.043475652 | AA28: =Glycerol!C124 -> 0.0045735165 | AB28: =BCAAs!B124 -> 0.037019661 | AC28: =BCAAs!C124 -> 0.0046826709 | AD28: ='6AAs'!B124 -> 0.01648071 | AE28: ='6AAs'!C124 -> 0.0020688515
A29: Heart | B29: =Glucose!B125 -> 0.5049399 | C29: =Glucose!C125 -> 0.058579573 | D29: =Lactate!B125 -> 0.31846465 | E29: =Lactate!C125 -> 0.0337767 | F29: =Glutamine!B125 -> 0.041858935 | G29: =Glutamine!C125 -> 0.0043620294 | H29: =Alanine!B125 -> 0.058199665 | I29: =Alanine!C125 -> 0.0024351531 | J29: ='3HB'!B125 -> 0.019511983 | K29: ='3HB'!C125 -> 0.001524531 | L29: =Palmitate!B125 -> 0.081058165 | M29: =Palmitate!C125 -> 0.0045155459 | N29: =Oleate!B125 -> 0.15099692 | O29: =Oleate!C125 -> 0.014287635 | P29: =Linoleate!B125 -> 0.15961851 | Q29: =Linoleate!C125 -> 0.019013604 | R29: =Serine!B125 -> 0.0044373018 | S29: =Serine!C125 -> 0.00062941065 | T29: =Glycine!B125 -> 0.006686683 | U29: =Glycine!C125 -> 0.0011989364 | V29: =Citrate!B125 -> 0.0064755518 | W29: =Citrate!C125 -> 0.0010926999 | X29: =Acetate!B125 -> 0.067659469 | Y29: =Acetate!C125 -> 0.0034807476 | Z29: =Glycerol!B125 -> 0.045727118 | AA29: =Glycerol!C125 -> 0.0060290985 | AB29: =BCAAs!B125 -> 0.011481526 | AC29: =BCAAs!C125 -> 0.0029435022 | AD29: ='6AAs'!B125 -> 0.010541688 | AE29: ='6AAs'!C125 -> 0.0029056934
A30: gWAT | B30: =Glucose!B126 -> 0.20135601 | C30: =Glucose!C126 -> 0.031079651 | D30: =Lactate!B126 -> 0.2154546 | E30: =Lactate!C126 -> 0.021859709 | F30: =Glutamine!B126 -> 0.17981829 | G30: =Glutamine!C126 -> 0.036466619 | H30: =Alanine!B126 -> 0.088750296 | I30: =Alanine!C126 -> 0.014927737 | J30: ='3HB'!B126 -> 0.02364272 | K30: ='3HB'!C126 -> #DIV/0! | L30: =Palmitate!B126 -> 0.0081558225 | M30: =Palmitate!C126 -> 0.0045862716 | N30: =Oleate!B126 -> 0.0061716813 | O30: =Oleate!C126 -> 0.0012620783 | P30: =Linoleate!B126 -> 0.068504227 | Q30: =Linoleate!C126 -> 0.013200928 | R30: =Serine!B126 -> 0.0044718998 | S30: =Serine!C126 -> 0.0019553479 | T30: =Glycine!B126 -> 0 | U30: =Glycine!C126 -> 0 | V30: =Citrate!B126 -> 0 | W30: =Citrate!C126 -> 0 | X30: =Acetate!B126 -> 0.061336251 | Y30: =Acetate!C126 -> 0.0051602745 | Z30: =Glycerol!B126 -> 0.024510795 | AA30: =Glycerol!C126 -> 0.0070688817 | AB30: =BCAAs!B126 -> 0 | AC30: =BCAAs!C126 -> 0 | AD30: ='6AAs'!B126 -> 0.010133919 | AE30: ='6AAs'!C126 -> 0.00283887
A31: iWAT | B31: =Glucose!B127 -> 0.28156128 | C31: =Glucose!C127 -> 0.043659776 | D31: =Lactate!B127 -> 0.3278437 | E31: =Lactate!C127 -> 0.026039815 | F31: =Glutamine!B127 -> 0.16890163 | G31: =Glutamine!C127 -> 0.016142681 | H31: =Alanine!B127 -> 0.065538222 | I31: =Alanine!C127 -> 0.0063889139 | J31: ='3HB'!B127 -> NaN | K31: ='3HB'!C127 -> NaN | L31: =Palmitate!B127 -> NaN | M31: =Palmitate!C127 -> NaN | N31: =Oleate!B127 -> NaN | O31: =Oleate!C127 -> NaN | P31: =Linoleate!B127 -> 0 | Q31: =Linoleate!C127 -> #DIV/0! | R31: =Serine!B127 -> NaN | S31: =Serine!C127 -> NaN | T31: =Glycine!B127 -> 0 | U31: =Glycine!C127 -> 0 | V31: =Citrate!B127 -> NaN | W31: =Citrate!C127 -> NaN | X31: =Acetate!B127 -> NaN | Y31: =Acetate!C127 -> NaN | Z31: =Glycerol!B127 -> 0.034396924 | AA31: =Glycerol!C127 -> 0.0089676151 | AB31: =BCAAs!B127 -> NaN | AC31: =BCAAs!C127 -> NaN | AD31: ='6AAs'!B127 -> NaN | AE31: ='6AAs'!C127 -> NaN
A32: Small intestine | B32: =Glucose!B128 -> 0.22988227 | C32: =Glucose!C128 -> 0.022401001 | D32: =Lactate!B128 -> 0.25685451 | E32: =Lactate!C128 -> 0.025304232 | F32: =Glutamine!B128 -> 0.20642408 | G32: =Glutamine!C128 -> 0.037367039 | H32: =Alanine!B128 -> 0.069632882 | I32: =Alanine!C128 -> 0.012419931 | J32: ='3HB'!B128 -> 0.030064585 | K32: ='3HB'!C128 -> 0.0042339823 | L32: =Palmitate!B128 -> 0.02397868 | M32: =Palmitate!C128 -> 0.0011630161 | N32: =Oleate!B128 -> 0.087686958 | O32: =Oleate!C128 -> 0.020128347 | P32: =Linoleate!B128 -> 0.11225252 | Q32: =Linoleate!C128 -> 0.010283438 | R32: =Serine!B128 -> 0.006142705 | S32: =Serine!C128 -> 0.00040810207 | T32: =Glycine!B128 -> 0.0060588692 | U32: =Glycine!C128 -> 0.00034094483 | V32: =Citrate!B128 -> 0.0064029882 | W32: =Citrate!C128 -> 0.0018269789 | X32: =Acetate!B128 -> 0.082915931 | Y32: =Acetate!C128 -> 0.0060491246 | Z32: =Glycerol!B128 -> 0.023390912 | AA32: =Glycerol!C128 -> 0.003661642 | AB32: =BCAAs!B128 -> 0.029037139 | AC32: =BCAAs!C128 -> 0.002334992 | AD32: ='6AAs'!B128 -> 0.01334013 | AE32: ='6AAs'!C128 -> 0.0013290564
... A35: Bone | B35: =Glucose!B131 -> NaN | C35: =Glucose!C131 -> NaN | D35: =Lactate!B131 -> NaN | E35: =Lactate!C131 -> NaN | F35: =Glutamine!B131 -> NaN | G35: =Glutamine!C131 -> NaN | H35: =Alanine!B131 -> NaN | I35: =Alanine!C131 -> NaN | J35: ='3HB'!B131 -> NaN | K35: ='3HB'!C131 -> NaN | L35: =Palmitate!B131 -> NaN | M35: =Palmitate!C131 -> NaN | N35: =Oleate!B131 -> NaN | O35: =Oleate!C131 -> NaN | P35: =Linoleate!B131 -> NaN | Q35: =Linoleate!C131 -> NaN | R35: =Serine!B131 -> NaN | S35: =Serine!C131 -> NaN | T35: =Glycine!B131 -> NaN | U35: =Glycine!C131 -> NaN | V35: =Citrate!B131 -> NaN | W35: =Citrate!C131 -> NaN | X35: =Acetate!B131 -> NaN | Y35: =Acetate!C131 -> NaN | Z35: =Glycerol!B131 -> NaN | AA35: =Glycerol!C131 -> NaN | AB35: =BCAAs!B131 -> NaN | AC35: =BCAAs!C131 -> NaN | AD35: ='6AAs'!B131 -> NaN | AE35: ='6AAs'!C131 -> NaN
A37: Tissue succinate
A38: Brain | B38: =Glucose!B134 -> 0.81492129 | C38: =Glucose!C134 -> 0.02146689 | D38: =Lactate!B134 -> 0.25433958 | E38: =Lactate!C134 -> 0.023654826 | F38: =Glutamine!B134 -> 0.057239343 | G38: =Glutamine!C134 -> 0.013811266 | H38: =Alanine!B134 -> 0.070926879 | I38: =Alanine!C134 -> 0.013264775 | J38: ='3HB'!B134 -> 0.0014320859 | K38: ='3HB'!C134 -> 8.8551575e-05 | L38: =Palmitate!B134 -> 0.0046210543 | M38: =Palmitate!C134 -> 0.00030190251 | N38: =Oleate!B134 -> 0.026073591 | O38: =Oleate!C134 -> 0.0078617361 | P38: =Linoleate!B134 -> 0.042617521 | Q38: =Linoleate!C134 -> 0.006738968 | R38: =Serine!B134 -> 0.0077594525 | S38: =Serine!C134 -> 0.00098671722 | T38: =Glycine!B134 -> 0 | U38: =Glycine!C134 -> 0 | V38: =Citrate!B134 -> 0.0071378424 | W38: =Citrate!C134 -> 0.0029013619 | X38: =Acetate!B134 -> 0.020100782 | Y38: =Acetate!C134 -> 0.0015863258 | Z38: =Glycerol!B134 -> 0.053410247 | AA38: =Glycerol!C134 -> 0.0098278253 | AB38: =BCAAs!B134 -> 0.011479955 | AC38: =BCAAs!C134 -> 0.0022239309 | AD38: ='6AAs'!B134 -> 0.018357206 | AE38: ='6AAs'!C134 -> 0.0016172882
A39: Muscle | B39: =Glucose!B135 -> 0.44227042 | C39: =Glucose!C135 -> 0.047992615 | D39: =Lactate!B135 -> 0.31569483 | E39: =Lactate!C135 -> 0.034834334 | F39: =Glutamine!B135 -> 0.077008333 | G39: =Glutamine!C135 -> 0.0067622369 | H39: =Alanine!B135 -> 0.075059555 | I39: =Alanine!C135 -> 0.0064261304 | J39: ='3HB'!B135 -> 0.0093217938 | K39: ='3HB'!C135 -> 0.0018906331 | L39: =Palmitate!B135 -> 0.049924995 | M39: =Palmitate!C135 -> 0.0031343955 | N39: =Oleate!B135 -> 0.1694747 | O39: =Oleate!C135 -> 0.0034730443 | P39: =Linoleate!B135 -> 0.16264431 | Q39: =Linoleate!C135 -> 0.0077132517 | R39: =Serine!B135 -> 0.00011592957 | S39: =Serine!C135 -> 0.00011592957 | T39: =Glycine!B135 -> 0.00015235107 | U39: =Glycine!C135 -> 0.00015235107 | V39: =Citrate!B135 -> 0.0044406772 | W39: =Citrate!C135 -> 0.0010046461 | X39: =Acetate!B135 -> 0.061791409 | Y39: =Acetate!C135 -> 0.0090978683 | Z39: =Glycerol!B135 -> 0.02478907 | AA39: =Glycerol!C135 -> 0.0099688602 | AB39: =BCAAs!B135 -> 0.052506514 | AC39: =BCAAs!C135 -> 0.0058562247 | AD39: ='6AAs'!B135 -> 0.011261474 | AE39: ='6AAs'!C135 -> 0.0024418528
A40: Kidney | B40: =Glucose!B136 -> 0.40564156 | C40: =Glucose!C136 -> 0.024977424 | D40: =Lactate!B136 -> 0.55391524 | E40: =Lactate!C136 -> 0.07959415 | F40: =Glutamine!B136 -> 0.15056666 | G40: =Glutamine!C136 -> 0.0074251354 | H40: =Alanine!B136 -> 0.10310664 | I40: =Alanine!C136 -> 0.0055721852 | J40: ='3HB'!B136 -> 0.055202404 | K40: ='3HB'!C136 -> 0.010639839 | L40: =Palmitate!B136 -> 0.035934413 | M40: =Palmitate!C136 -> 0.0024770913 | N40: =Oleate!B136 -> 0.10354839 | O40: =Oleate!C136 -> 0.01007483 | P40: =Linoleate!B136 -> 0.25116777 | Q40: =Linoleate!C136 -> 0.052480568 | R40: =Serine!B136 -> 0.0024728038 | S40: =Serine!C136 -> 0.00025518937 | T40: =Glycine!B136 -> 0.0035268715 | U40: =Glycine!C136 -> 0.0004017331 | V40: =Citrate!B136 -> 0.11452951 | W40: =Citrate!C136 -> 0.02089457 | X40: =Acetate!B136 -> 0.10486011 | Y40: =Acetate!C136 -> 0.0054309436 | Z40: =Glycerol!B136 -> 0.069769118 | AA40: =Glycerol!C136 -> 0.0071454535 | AB40: =BCAAs!B136 -> 0.033479414 | AC40: =BCAAs!C136 -> 0.0033021916 | AD40: ='6AAs'!B136 -> 0.02627502 | AE40: ='6AAs'!C136 -> 0.005804635
A41: Liver | B41: =Glucose!B137 -> 0.30774428 | C41: =Glucose!C137 -> 0.03167427 | D41: =Lactate!B137 -> 0.34164593 | E41: =Lactate!C137 -> 0.02573933 | F41: =Glutamine!B137 -> 0.20669478 | G41: =Glutamine!C137 -> 0.031773214 | H41: =Alanine!B137 -> 0.12386226 | I41: =Alanine!C137 -> 0.014193275 | J41: ='3HB'!B137 -> 0.0085463452 | K41: ='3HB'!C137 -> 0.00060071955 | L41: =Palmitate!B137 -> 0.027137895 | M41: =Palmitate!C137 -> 0.0013775083 | N41: =Oleate!B137 -> 0.081537557 | O41: =Oleate!C137 -> 0.0024083226 | P41: =Linoleate!B137 -> 0.13944001 | Q41: =Linoleate!C137 -> 0.0088264523 | R41: =Serine!B137 -> 0.01064603 | S41: =Serine!C137 -> 0.00022073836 | T41: =Glycine!B137 -> 0.0055437537 | U41: =Glycine!C137 -> 0.0013786478 | V41: =Citrate!B137 -> 0.0065776737 | W41: =Citrate!C137 -> 0.0016358694 | X41: =Acetate!B137 -> 0.02374216 | Y41: =Acetate!C137 -> 0.0035937566 | Z41: =Glycerol!B137 -> 0.033309077 | AA41: =Glycerol!C137 -> 0.0065340642 | AB41: =BCAAs!B137 -> 0.021499667 | AC41: =BCAAs!C137 -> 0.001547448 | AD41: ='6AAs'!B137 -> 0.0647827 | AE41: ='6AAs'!C137 -> 0.0098068997
A42: Spleen | B42: =Glucose!B138 -> 0.19890171 | C42: =Glucose!C138 -> 0.022370616 | D42: =Lactate!B138 -> 0.26756932 | E42: =Lactate!C138 -> 0.034680313 | F42: =Glutamine!B138 -> 0.29038054 | G42: =Glutamine!C138 -> 0.021544217 | H42: =Alanine!B138 -> 0.064054207 | I42: =Alanine!C138 -> 0.0084212936 | J42: ='3HB'!B138 -> 0.031006645 | K42: ='3HB'!C138 -> 0.0017772968 | L42: =Palmitate!B138 -> 0.0786498 | M42: =Palmitate!C138 -> 0.0023297585 | N42: =Oleate!B138 -> 0.11443972 | O42: =Oleate!C138 -> 0.0052469779 | P42: =Linoleate!B138 -> 0.16126548 | Q42: =Linoleate!C138 -> 0.022177524 | R42: =Serine!B138 -> 0 | S42: =Serine!C138 -> 0 | T42: =Glycine!B138 -> 0.00059459871 | U42: =Glycine!C138 -> 0.00036972656 | V42: =Citrate!B138 -> 0.0048610143 | W42: =Citrate!C138 -> 0.0017435097 | X42: =Acetate!B138 -> 0.15085144 | Y42: =Acetate!C138 -> 0.022092148 | Z42: =Glycerol!B138 -> 0.020163949 | AA42: =Glycerol!C138 -> 0.0080294306 | AB42: =BCAAs!B138 -> 0.029046419 | AC42: =BCAAs!C138 -> 0.0022895139 | AD42: ='6AAs'!B138 -> 0.017780798 | AE42: ='6AAs'!C138 -> 0.0031091959
A43: Skin | B43: =Glucose!B139 -> NaN | C43: =Glucose!C139 -> NaN | D43: =Lactate!B139 -> NaN | E43: =Lactate!C139 -> NaN | F43: =Glutamine!B139 -> NaN | G43: =Glutamine!C139 -> NaN | H43: =Alanine!B139 -> NaN | I43: =Alanine!C139 -> NaN | J43: ='3HB'!B139 -> NaN | K43: ='3HB'!C139 -> NaN | L43: =Palmitate!B139 -> NaN | M43: =Palmitate!C139 -> NaN | N43: =Oleate!B139 -> NaN | O43: =Oleate!C139 -> NaN | P43: =Linoleate!B139 -> 0 | Q43: =Linoleate!C139 -> 0 | R43: =Serine!B139 -> NaN | S43: =Serine!C139 -> NaN | T43: =Glycine!B139 -> 0 | U43: =Glycine!C139 -> 0 | V43: =Citrate!B139 -> NaN | W43: =Citrate!C139 -> NaN | X43: =Acetate!B139 -> NaN | Y43: =Acetate!C139 -> NaN | Z43: =Glycerol!B139 -> NaN | AA43: =Glycerol!C139 -> NaN | AB43: =BCAAs!B139 -> NaN | AC43: =BCAAs!C139 -> NaN | AD43: ='6AAs'!B139 -> NaN | AE43: ='6AAs'!C139 -> NaN
A44: Pancreas | B44: =Glucose!B140 -> 0.27227942 | C44: =Glucose!C140 -> 0.012840815 | D44: =Lactate!B140 -> 0.32938272 | E44: =Lactate!C140 -> 0.023651994 | F44: =Glutamine!B140 -> 0.48467035 | G44: =Glutamine!C140 -> 0.017834756 | H44: =Alanine!B140 -> 0.19260262 | I44: =Alanine!C140 -> 0.027632551 | J44: ='3HB'!B140 -> 0.019650115 | K44: ='3HB'!C140 -> 0.0017951136 | L44: =Palmitate!B140 -> 0.026897332 | M44: =Palmitate!C140 -> 0.0039450608 | N44: =Oleate!B140 -> 0.076661246 | O44: =Oleate!C140 -> 0.0044837344 | P44: =Linoleate!B140 -> 0.10828262 | Q44: =Linoleate!C140 -> 0.0056503203 | R44: =Serine!B140 -> 0.0050996368 | S44: =Serine!C140 -> 0.0022464445 | T44: =Glycine!B140 -> 0.001930222 | U44: =Glycine!C140 -> 0.0016390813 | V44: =Citrate!B140 -> 0.0079184824 | W44: =Citrate!C140 -> 0.0021922041 | X44: =Acetate!B140 -> 0.063771884 | Y44: =Acetate!C140 -> 0.0031631019 | Z44: =Glycerol!B140 -> 0.023943715 | AA44: =Glycerol!C140 -> 0.0055123109 | AB44: =BCAAs!B140 -> 0.18968585 | AC44: =BCAAs!C140 -> 0.030750087 | AD44: ='6AAs'!B140 -> 0.046510298 | AE44: ='6AAs'!C140 -> 0.0069478989
A45: Lung | B45: =Glucose!B141 -> 0.30715873 | C45: =Glucose!C141 -> 0.024317721 | D45: =Lactate!B141 -> 0.30024093 | E45: =Lactate!C141 -> 0.044127498 | F45: =Glutamine!B141 -> 0.092716529 | G45: =Glutamine!C141 -> 0.022439099 | H45: =Alanine!B141 -> 0.083467669 | I45: =Alanine!C141 -> 0.0088885045 | J45: ='3HB'!B141 -> 0.011151503 | K45: ='3HB'!C141 -> #DIV/0! | L45: =Palmitate!B141 -> 0.095949394 | M45: =Palmitate!C141 -> 0.0060318367 | N45: =Oleate!B141 -> 0.11667295 | O45: =Oleate!C141 -> 0.007598791 | P45: =Linoleate!B141 -> 0.14939929 | Q45: =Linoleate!C141 -> 0.027311754 | R45: =Serine!B141 -> 0.00013521077 | S45: =Serine!C141 -> 0.00013521077 | T45: =Glycine!B141 -> 0 | U45: =Glycine!C141 -> 0 | V45: =Citrate!B141 -> 0.011917929 | W45: =Citrate!C141 -> 0.0024354589 | X45: =Acetate!B141 -> 0.10903959 | Y45: =Acetate!C141 -> 0.022127582 | Z45: =Glycerol!B141 -> 0.029651474 | AA45: =Glycerol!C141 -> 0.011943534 | AB45: =BCAAs!B141 -> 0.031056149 | AC45: =BCAAs!C141 -> 0.0039914297 | AD45: ='6AAs'!B141 -> 0.013811389 | AE45: ='6AAs'!C141 -> 0.0028624826
A46: Heart | B46: =Glucose!B142 -> 0.54133226 | C46: =Glucose!C142 -> 0.054663894 | D46: =Lactate!B142 -> 0.32878053 | E46: =Lactate!C142 -> 0.034786321 | F46: =Glutamine!B142 -> 0.030394751 | G46: =Glutamine!C142 -> 0.0048268155 | H46: =Alanine!B142 -> 0.060978843 | I46: =Alanine!C142 -> 0.0030947433 | J46: ='3HB'!B142 -> 0.020313828 | K46: ='3HB'!C142 -> 0.0029889761 | L46: =Palmitate!B142 -> 0.087137418 | M46: =Palmitate!C142 -> 0.0052805615 | N46: =Oleate!B142 -> 0.17194818 | O46: =Oleate!C142 -> 0.005894629 | P46: =Linoleate!B142 -> 0.18260117 | Q46: =Linoleate!C142 -> 0.018127034 | R46: =Serine!B142 -> 0.0021591721 | S46: =Serine!C142 -> 0.00066157798 | T46: =Glycine!B142 -> 0.00081509538 | U46: =Glycine!C142 -> 2.4566062e-05 | V46: =Citrate!B142 -> 0.0043594789 | W46: =Citrate!C142 -> 0.00042408767 | X46: =Acetate!B142 -> 0.061426576 | Y46: =Acetate!C142 -> 0.0036721422 | Z46: =Glycerol!B142 -> 0.045797003 | AA46: =Glycerol!C142 -> 0.0064050006 | AB46: =BCAAs!B142 -> 0.015709562 | AC46: =BCAAs!C142 -> 0.002205176 | AD46: ='6AAs'!B142 -> 0.011155085 | AE46: ='6AAs'!C142 -> 0.0032328813
A47: gWAT | B47: =Glucose!B143 -> 0.20451861 | C47: =Glucose!C143 -> 0.052029747 | D47: =Lactate!B143 -> 0.26827034 | E47: =Lactate!C143 -> 0.015708484 | F47: =Glutamine!B143 -> 0.20082065 | G47: =Glutamine!C143 -> 0.037691122 | H47: =Alanine!B143 -> 0.10375539 | I47: =Alanine!C143 -> 0.017174836 | J47: ='3HB'!B143 -> 0.0039153015 | K47: ='3HB'!C143 -> 0.0039153015 | L47: =Palmitate!B143 -> 0.0159573 | M47: =Palmitate!C143 -> 0.0063064125 | N47: =Oleate!B143 -> 0.034064244 | O47: =Oleate!C143 -> 0.011852215 | P47: =Linoleate!B143 -> 0.037177243 | Q47: =Linoleate!C143 -> 0.0095891383 | R47: =Serine!B143 -> 0 | S47: =Serine!C143 -> 0 | T47: =Glycine!B143 -> 0 | U47: =Glycine!C143 -> 0 | V47: =Citrate!B143 -> 0.0016043984 | W47: =Citrate!C143 -> 0.0015304172 | X47: =Acetate!B143 -> 0.05391389 | Y47: =Acetate!C143 -> 0.00277269 | Z47: =Glycerol!B143 -> 0.022609946 | AA47: =Glycerol!C143 -> 0.0050439999 | AB47: =BCAAs!B143 -> 0.011595238 | AC47: =BCAAs!C143 -> 0.0024932915 | AD47: ='6AAs'!B143 -> 0.010521123 | AE47: ='6AAs'!C143 -> 0.0051057693
A48: iWAT | B48: =Glucose!B144 -> 0.28973843 | C48: =Glucose!C144 -> 0.05805448 | D48: =Lactate!B144 -> 0.35484261 | E48: =Lactate!C144 -> 0.020251822 | F48: =Glutamine!B144 -> 0.17084207 | G48: =Glutamine!C144 -> 0.024136212 | H48: =Alanine!B144 -> 0.076158395 | I48: =Alanine!C144 -> 0.0086281259 | J48: ='3HB'!B144 -> NaN | K48: ='3HB'!C144 -> NaN | L48: =Palmitate!B144 -> NaN | M48: =Palmitate!C144 -> NaN | N48: =Oleate!B144 -> NaN | O48: =Oleate!C144 -> NaN | P48: =Linoleate!B144 -> 0 | Q48: =Linoleate!C144 -> #DIV/0! | R48: =Serine!B144 -> NaN | S48: =Serine!C144 -> NaN | T48: =Glycine!B144 -> 0 | U48: =Glycine!C144 -> 0 | V48: =Citrate!B144 -> NaN | W48: =Citrate!C144 -> NaN | X48: =Acetate!B144 -> NaN | Y48: =Acetate!C144 -> NaN | Z48: =Glycerol!B144 -> 0.044661476 | AA48: =Glycerol!C144 -> 0.0087008116 | AB48: =BCAAs!B144 -> NaN | AC48: =BCAAs!C144 -> NaN | AD48: ='6AAs'!B144 -> NaN | AE48: ='6AAs'!C144 -> NaN
A49: Small intestine | B49: =Glucose!B145 -> 0.20469086 | C49: =Glucose!C145 -> 0.02247391 | D49: =Lactate!B145 -> 0.24601939 | E49: =Lactate!C145 -> 0.024340595 | F49: =Glutamine!B145 -> 0.19338877 | G49: =Glutamine!C145 -> 0.055690768 | H49: =Alanine!B145 -> 0.069547848 | I49: =Alanine!C145 -> 0.012824679 | J49: ='3HB'!B145 -> 0.025661773 | K49: ='3HB'!C145 -> 0.003913777 | L49: =Palmitate!B145 -> 0.024206355 | M49: =Palmitate!C145 -> 0.0017307485 | N49: =Oleate!B145 -> 0.089455119 | O49: =Oleate!C145 -> 0.022315669 | P49: =Linoleate!B145 -> 0.12486139 | Q49: =Linoleate!C145 -> 0.010550206 | R49: =Serine!B145 -> 0.0023187011 | S49: =Serine!C145 -> 0.00042329548 | T49: =Glycine!B145 -> 0 | U49: =Glycine!C145 -> 0 | V49: =Citrate!B145 -> 0.0028574592 | W49: =Citrate!C145 -> 0.0012010939 | X49: =Acetate!B145 -> 0.077340572 | Y49: =Acetate!C145 -> 0.0086650284 | Z49: =Glycerol!B145 -> 0.019592068 | AA49: =Glycerol!C145 -> 0.0070733186 | AB49: =BCAAs!B145 -> 0.027652743 | AC49: =BCAAs!C145 -> 0.001826686 | AD49: ='6AAs'!B145 -> 0.011963091 | AE49: ='6AAs'!C145 -> 0.0024498474
... A52: Bone | B52: =Glucose!B148 -> NaN | C52: =Glucose!C148 -> NaN | D52: =Lactate!B148 -> NaN | E52: =Lactate!C148 -> NaN | F52: =Glutamine!B148 -> NaN | G52: =Glutamine!C148 -> NaN | H52: =Alanine!B148 -> NaN | I52: =Alanine!C148 -> NaN | J52: ='3HB'!B148 -> NaN | K52: ='3HB'!C148 -> NaN | L52: =Palmitate!B148 -> NaN | M52: =Palmitate!C148 -> NaN | N52: =Oleate!B148 -> NaN | O52: =Oleate!C148 -> NaN | P52: =Linoleate!B148 -> NaN | Q52: =Linoleate!C148 -> NaN | R52: =Serine!B148 -> NaN | S52: =Serine!C148 -> NaN | T52: =Glycine!B148 -> NaN | U52: =Glycine!C148 -> NaN | V52: =Citrate!B148 -> NaN | W52: =Citrate!C148 -> NaN | X52: =Acetate!B148 -> NaN | Y52: =Acetate!C148 -> NaN | Z52: =Glycerol!B148 -> NaN | AA52: =Glycerol!C148 -> NaN | AB52: =BCAAs!B148 -> NaN | AC52: =BCAAs!C148 -> NaN | AD52: ='6AAs'!B148 -> NaN | AE52: ='6AAs'!C148 -> NaN

Sheet Glucose
A1: When | E1: 42551 | I1: 42551 | M1: 42587 | Q1: 42587 | U1: 42599
A2: Who | E2: SH | I2: SH | M2: SH | Q2: SH | U2: SH
A3: Mouse | E3: M1 | I3: M5 | M3: M7 | Q3: M9 | U3: M4
A4: State | E4: fasted | I4: fasted | M4: fasted | Q4: fasted | U4: fasted
A5: Infusate | E5: [U-13C]glucose | I5: [U-13C]glucose | M5: [U-13C]glucose | Q5: [U-13C]glucose | U5: [U-13C]glucose
A6: Concentration (mM) | E6: 200 | I6: 200 | M6: 200 | Q6: 200 | U6: 200
A7: Rate (µl/min/g) | E7: 0.1 | I7: 0.1 | M7: 0.1 | Q7: 0.1 | U7: 0.1
A8: Enrichment | E8: =AVERAGE(0.1057,0.0893) -> 0.0975 | I8: =AVERAGE(0.093458739,0.077063051) -> 0.085260895 | M8: =AVERAGE(0.136188665,0.121714775) -> 0.12895172 | Q8: =AVERAGE(0.14372084,0.130972383) -> 0.13734661 | U8: =AVERAGE(0.150802201,0.158904472) -> 0.15485334
A9: Avg C enrichment | E9: =AVERAGE(E19:F19) -> 0.109825 | I9: =AVERAGE(I19:J19) -> 0.097977 | M9: =AVERAGE(M19:N19) -> 0.151525 | Q9: =AVERAGE(Q19:R19) -> 0.17039 | U9: =AVERAGE(U19:V19) -> 0.18427
A10: Fcirc | E10: =E6*E7*(1-E8)/E8 -> 185.12821 | I10: =I6*I7*(1-I8)/I8 -> 214.57413 | M10: =M6*M7*(1-M8)/M8 -> 135.09681 | Q10: =Q6*Q7*(1-Q8)/Q8 -> 125.61699 | U10: =U6*U7*(1-U8)/U8 -> 109.15447
A11: factor between Fcirc and Fcirc' | C11: =AVERAGE(E11:U11) -> 0.82980938 | E11: =(1-E9)*E8/E9/(1-E8) -> 0.87565209 | I11: =(1-I9)*I8/I9/(1-I8) -> 0.85811623 | M11: =(1-M9)*M8/M9/(1-M8) -> 0.82897163 | Q11: =(1-Q9)*Q8/Q9/(1-Q8) -> 0.77519594 | U11: =(1-U9)*U8/U9/(1-U8) -> 0.81111099
A12: Who | E12: SH | I12: SH | M12: SH | Q12: SH | U12: SH
A13: Machine | E13: QE+ | I13: QE+ | M13: QE+ | Q13: QE+ | U13: QE+
A14: Folder | E14: 20160701_GlcInfusion | I14: 20160701_GlcInfusion | M14: 20160808_GlcInfusion | Q14: 20160808_GlcInfusion | U14: 20160818_GlcInfusion
A16: Note | E16: two biological samples were run for each tissue | I16: two biological samples were run for each tissue | M16: two biological samples were run for each tissue | Q16: two biological samples were run for each tissue | U16: two biological samples were run for each tissue
B17: Mean | C17: SEM | D17: N
A18: Serum
A19: glucose | B19: =AVERAGE(E19/E$9,F19/E$9,I19/I$9,J19/I$9,M19/M$9,N19/M$9,Q19/Q$9,R19/Q$9,U19/U$9,V19/U$9) -> 1 | C19: =STDEV(E19/E$9,F19/E$9,I19/I$9,J19/I$9,M19/M$9,N19/M$9,Q19/Q$9,R19/Q$9,U19/U$9,V19/U$9)/SQRT(D19) -> 0.022032872 | D19: =COUNT(E19:V19)/2 -> 7 | E19: 0.11698 | F19: 0.10267 | G19: =AVERAGE(E19:F19) -> 0.109825 | I19: 0.10641 | J19: 0.089544 | K19: =AVERAGE(I19:J19) -> 0.097977 | M19: 0.15781 | N19: 0.14524 | O19: =AVERAGE(M19:N19) -> 0.151525 | Q19: 0.17609 | R19: 0.16469 | S19: =AVERAGE(Q19:R19) -> 0.17039 | U19: 0.17906 | V19: 0.18948 | W19: =AVERAGE(U19:V19) -> 0.18427
A20: lactate | B20: =AVERAGE(E20/E$9,F20/E$9,I20/I$9,J20/I$9,M20/M$9,N20/M$9,Q20/Q$9,R20/Q$9,U20/U$9,V20/U$9) -> 0.64790843 | C20: =STDEV(E20/E$9,F20/E$9,I20/I$9,J20/I$9,M20/M$9,N20/M$9,Q20/Q$9,R20/Q$9,U20/U$9,V20/U$9)/SQRT(D20) -> 0.01778097 | D20: =COUNT(E20:V20)/2 -> 7 | E20: 0.071618 | F20: 0.073561 | G20: =AVERAGE(E20:F20) -> 0.0725895 | I20: 0.070057 | J20: 0.070508 | K20: =AVERAGE(I20:J20) -> 0.0702825 | M20: 0.10005 | N20: 0.090582 | O20: =AVERAGE(M20:N20) -> 0.095316 | Q20: 0.10661 | R20: 0.099303 | S20: =AVERAGE(Q20:R20) -> 0.1029565 | U20: 0.11054 | V20: 0.12089 | W20: =AVERAGE(U20:V20) -> 0.115715
A21: glutamine | B21: =AVERAGE(E21/E$9,F21/E$9,I21/I$9,J21/I$9,M21/M$9,N21/M$9,Q21/Q$9,R21/Q$9,U21/U$9,V21/U$9) -> 0.12237446 | C21: =STDEV(E21/E$9,F21/E$9,I21/I$9,J21/I$9,M21/M$9,N21/M$9,Q21/Q$9,R21/Q$9,U21/U$9,V21/U$9)/SQRT(D21) -> 0.010740745 | D21: =COUNT(E21:V21)/2 -> 7 | E21: 0.014931 | F21: 0.015802 | G21: =AVERAGE(E21:F21) -> 0.0153665 | I21: 0.015017 | J21: 0.015697 | K21: =AVERAGE(I21:J21) -> 0.015357 | M21: 0.014617 | N21: 0.016387 | O21: =AVERAGE(M21:N21) -> 0.015502 | Q21: 0.021586 | R21: 0.022358 | S21: =AVERAGE(Q21:R21) -> 0.021972 | U21: 0.013168 | V21: 0.017773 | W21: =AVERAGE(U21:V21) -> 0.0154705
A22: alanine | B22: =AVERAGE(E22/E$9,F22/E$9,I22/I$9,J22/I$9,M22/M$9,N22/M$9,Q22/Q$9,R22/Q$9,U22/U$9,V22/U$9) -> 0.44702171 | C22: =STDEV(E22/E$9,F22/E$9,I22/I$9,J22/I$9,M22/M$9,N22/M$9,Q22/Q$9,R22/Q$9,U22/U$9,V22/U$9)/SQRT(D22) -> 0.014909845 | D22: =COUNT(E22:V22)/2 -> 7 | E22: 0.046335 | F22: 0.046708 | G22: =AVERAGE(E22:F22) -> 0.0465215 | I22: 0.052255 | J22: 0.046591 | K22: =AVERAGE(I22:J22) -> 0.049423 | M22: 0.067291 | N22: 0.065619 | O22: =AVERAGE(M22:N22) -> 0.066455 | Q22: 0.081462 | R22: 0.067445 | S22: =AVERAGE(Q22:R22) -> 0.0744535 | U22: 0.077016 | V22: 0.082025 | W22: =AVERAGE(U22:V22) -> 0.0795205
A23: 3-hydroxybutyrate | B23: =AVERAGE(E23/E$9,F23/E$9,I23/I$9,J23/I$9,M23/M$9,N23/M$9,Q23/Q$9,R23/Q$9,U23/U$9,V23/U$9) -> 0.0068719553 | C23: =STDEV(E23/E$9,F23/E$9,I23/I$9,J23/I$9,M23/M$9,N23/M$9,Q23/Q$9,R23/Q$9,U23/U$9,V23/U$9)/SQRT(D23) -> 0.0020126255 | D23: =COUNT(E23:V23)/2 -> 7 | E23: 0.0015 | F23: 0.00056742 | G23: =AVERAGE(E23:F23) -> 0.00103371 | I23: 0.0017746 | J23: 0.00073016 | K23: =AVERAGE(I23:J23) -> 0.00125238 | M23: 0.00021871 | N23: 0.0010877 | O23: =AVERAGE(M23:N23) -> 0.000653205 | Q23: 0.0010901 | R23: 0.00086262 | S23: =AVERAGE(Q23:R23) -> 0.00097636 | U23: 0.00054554 | V23: 0.00023725 | W23: =AVERAGE(U23:V23) -> 0.000391395
A24: palmitic acid | B24: =AVERAGE(E24/E$9,F24/E$9,I24/I$9,J24/I$9,M24/M$9,N24/M$9,Q24/Q$9,R24/Q$9,U24/U$9,V24/U$9) -> 7.5895518e-05 | C24: =STDEV(E24/E$9,F24/E$9,I24/I$9,J24/I$9,M24/M$9,N24/M$9,Q24/Q$9,R24/Q$9,U24/U$9,V24/U$9)/SQRT(D24) -> 4.1567601e-05 | D24: =COUNT(E24:V24)/2 -> 7 | E24: 2.0223e-05 | F24: 0 | G24: =AVERAGE(E24:F24) -> 1.01115e-05 | I24: 9.4876e-06 | J24: 2.9966e-05 | K24: =AVERAGE(I24:J24) -> 1.97268e-05 | M24: 0 | N24: 0 | O24: =AVERAGE(M24:N24) -> 0 | Q24: 0 | R24: 2.933e-05 | S24: =AVERAGE(Q24:R24) -> 1.4665e-05 | U24: 0 | V24: 0 | W24: =AVERAGE(U24:V24) -> 0
A25: oleic acid | B25: =AVERAGE(E25/E$9,F25/E$9,I25/I$9,J25/I$9,M25/M$9,N25/M$9,Q25/Q$9,R25/Q$9,U25/U$9,V25/U$9) -> 0.00012408602 | C25: =STDEV(E25/E$9,F25/E$9,I25/I$9,J25/I$9,M25/M$9,N25/M$9,Q25/Q$9,R25/Q$9,U25/U$9,V25/U$9)/SQRT(D25) -> 6.4894752e-05 | D25: =COUNT(E25:V25)/2 -> 7 | E25: 7.5091e-06 | F25: 0 | G25: =AVERAGE(E25:F25) -> 3.75455e-06 | I25: 3.4714e-07 | J25: 2.7907e-05 | K25: =AVERAGE(I25:J25) -> 1.412707e-05 | M25: 8.2204e-05 | N25: 0 | O25: =AVERAGE(M25:N25) -> 4.1102e-05 | Q25: 1.8607e-05 | R25: 0 | S25: =AVERAGE(Q25:R25) -> 9.3035e-06 | U25: 1.9469e-05 | V25: 2.3355e-05 | W25: =AVERAGE(U25:V25) -> 2.1412e-05
A26: linoleic acid | B26: =AVERAGE(E26/E$9,F26/E$9,I26/I$9,J26/I$9,M26/M$9,N26/M$9,Q26/Q$9,R26/Q$9,U26/U$9,V26/U$9) -> 0 | C26: =STDEV(E26/E$9,F26/E$9,I26/I$9,J26/I$9,M26/M$9,N26/M$9,Q26/Q$9,R26/Q$9,U26/U$9,V26/U$9)/SQRT(D26) -> 0 | D26: =COUNT(E26:V26)/2 -> 7 | E26: 0 | F26: 0 | G26: =AVERAGE(E26:F26) -> 0 | I26: 0 | J26: 0 | K26: =AVERAGE(I26:J26) -> 0 | M26: 0 | N26: 0 | O26: =AVERAGE(M26:N26) -> 0 | Q26: 0 | R26: 0 | S26: =AVERAGE(Q26:R26) -> 0 | U26: 0 | V26: 0 | W26: =AVERAGE(U26:V26) -> 0
A27: serine | B27: =AVERAGE(E27/E$9,F27/E$9,I27/I$9,J27/I$9,M27/M$9,N27/M$9,Q27/Q$9,R27/Q$9,U27/U$9,V27/U$9) -> 0.098022081 | C27: =STDEV(E27/E$9,F27/E$9,I27/I$9,J27/I$9,M27/M$9,N27/M$9,Q27/Q$9,R27/Q$9,U27/U$9,V27/U$9)/SQRT(D27) -> 0.0090668806 | D27: =COUNT(E27:V27)/2 -> 7 | E27: 0.012282 | F27: 0.01338 | G27: =AVERAGE(E27:F27) -> 0.012831 | I27: 0.011872 | J27: 0.010926 | K27: =AVERAGE(I27:J27) -> 0.011399 | M27: 0.011801 | N27: 0.01253 | O27: =AVERAGE(M27:N27) -> 0.0121655 | Q27: 0.020611 | R27: 0.018144 | S27: =AVERAGE(Q27:R27) -> 0.0193775 | U27: 0.011448 | V27: 0.011742 | W27: =AVERAGE(U27:V27) -> 0.011595
A28: glycine | B28: =AVERAGE(E28/E$9,F28/E$9,I28/I$9,J28/I$9,M28/M$9,N28/M$9,Q28/Q$9,R28/Q$9,U28/U$9,V28/U$9) -> 0.039638625 | C28: =STDEV(E28/E$9,F28/E$9,I28/I$9,J28/I$9,M28/M$9,N28/M$9,Q28/Q$9,R28/Q$9,U28/U$9,V28/U$9)/SQRT(D28) -> 0.012097856 | D28: =COUNT(E28:V28)/2 -> 7 | E28: 0.0019447 | F28: 0.0014474 | G28: =AVERAGE(E28:F28) -> 0.00169605 | I28: 0.00076654 | J28: 0.0025085 | K28: =AVERAGE(I28:J28) -> 0.00163752 | M28: 0.011363 | N28: 0.010699 | O28: =AVERAGE(M28:N28) -> 0.011031 | Q28: 0.016112 | R28: 0.010233 | S28: =AVERAGE(Q28:R28) -> 0.0131725 | U28: 0.0018941 | V28: 0.0039763 | W28: =AVERAGE(U28:V28) -> 0.0029352
A29: citrate | B29: =AVERAGE(E29/E$9,F29/E$9,I29/I$9,J29/I$9,M29/M$9,N29/M$9,Q29/Q$9,R29/Q$9,U29/U$9,V29/U$9) -> 0.11567133 | C29: =STDEV(E29/E$9,F29/E$9,I29/I$9,J29/I$9,M29/M$9,N29/M$9,Q29/Q$9,R29/Q$9,U29/U$9,V29/U$9)/SQRT(D29) -> 0.011397593 | D29: =COUNT(E29:V29)/2 -> 7 | E29: 0.01361 | F29: 0.015067 | G29: =AVERAGE(E29:F29) -> 0.0143385 | I29: 0.015704 | J29: 0.014937 | K29: =AVERAGE(I29:J29) -> 0.0153205 | M29: 0.013445 | N29: 0.01585 | O29: =AVERAGE(M29:N29) -> 0.0146475 | Q29: 0.021036 | R29: 0.019746 | S29: =AVERAGE(Q29:R29) -> 0.020391 | U29: 0.012488 | V29: 0.015186 | W29: =AVERAGE(U29:V29) -> 0.013837
A30: acetate | B30: =AVERAGE(#REF!/#REF!,#REF!/#REF!,#REF!/#REF!) -> #REF! | C30: =STDEV(#REF!/#REF!,#REF!/#REF!,#REF!/#REF!)/SQRT(D30) -> #REF! | D30: 3 | G30: =AVERAGE(E30:F30) -> #DIV/0! | K30: =AVERAGE(I30:J30) -> #DIV/0! | O30: =AVERAGE(M30:N30) -> #DIV/0! | S30: =AVERAGE(Q30:R30) -> #DIV/0! | W30: =AVERAGE(U30:V30) -> #DIV/0!
A31: glycerol | B31: =AVERAGE(AVERAGE(#REF!/#REF!,#REF!/#REF!),AVERAGE(#REF!/#REF!,#REF!/#REF!),#REF!/#REF!,#REF!/#REF!) -> #REF! | C31: =STDEV(AVERAGE(#REF!/#REF!,#REF!/#REF!),AVERAGE(#REF!/#REF!,#REF!/#REF!),#REF!/#REF!,#REF!/#REF!)*SQRT(D31) -> #REF! | D31: 4 | G31: =AVERAGE(E31:F31) -> #DIV/0! | K31: =AVERAGE(I31:J31) -> #DIV/0! | O31: =AVERAGE(M31:N31) -> #DIV/0! | S31: =AVERAGE(Q31:R31) -> #DIV/0! | W31: =AVERAGE(U31:V31) -> #DIV/0!
A32: BCAAs | B32: =AVERAGE(E32/E$9,F32/E$9,I32/I$9,J32/I$9,M32/M$9,N32/M$9,Q32/Q$9,R32/Q$9,U32/U$9,V32/U$9) -> 0 | C32: =STDEV(E32/E$9,F32/E$9,I32/I$9,J32/I$9,M32/M$9,N32/M$9,Q32/Q$9,R32/Q$9,U32/U$9,V32/U$9)/SQRT(D32) -> 0 | D32: =COUNT(E32:V32)/2 -> 7 | E32: 0 | F32: 0 | G32: =AVERAGE(E32:F32) -> 0 | I32: 0 | J32: 0 | K32: =AVERAGE(I32:J32) -> 0 | M32: 0 | N32: 0 | O32: =AVERAGE(M32:N32) -> 0 | Q32: 0 | R32: 0 | S32: =AVERAGE(Q32:R32) -> 0 | U32: 0 | V32: 0 | W32: =AVERAGE(U32:V32) -> 0
A33: 6AAs | B33: =AVERAGE(E33/E$9,F33/E$9,I33/I$9,J33/I$9,M33/M$9,N33/M$9,Q33/Q$9,R33/Q$9,U33/U$9,V33/U$9) -> 0 | C33: =STDEV(E33/E$9,F33/E$9,I33/I$9,J33/I$9,M33/M$9,N33/M$9,Q33/Q$9,R33/Q$9,U33/U$9,V33/U$9)/SQRT(D33) -> 0 | D33: =COUNT(E33:V33)/2 -> 7 | E33: 0 | F33: 0 | G33: =AVERAGE(E33:F33) -> 0 | I33: 0 | J33: 0 | K33: =AVERAGE(I33:J33) -> 0 | M33: 0 | N33: 0 | O33: =AVERAGE(M33:N33) -> 0 | Q33: 0 | R33: 0 | S33: =AVERAGE(Q33:R33) -> 0 | U33: 0 | V33: 0 | W33: =AVERAGE(U33:V33) -> 0
A36: Tissue malate
A37: Brain | B37: =AVERAGE(E37/E$9,F37/E$9,I37/I$9,J37/I$9,M37/M$9,N37/M$9,Q37/Q$9,R37/Q$9,U37/U$9,V37/U$9) -> 0.76561282 | C37: =STDEV(E37/E$9,F37/E$9,I37/I$9,J37/I$9,M37/M$9,N37/M$9,Q37/Q$9,R37/Q$9,U37/U$9,V37/U$9)/SQRT(D37) -> 0.0051759707 | D37: =COUNT(E37:V37)/2 -> 7 | E37: 0.085419 | F37: 0.085421 | G37: =AVERAGE(E37:F37) -> 0.08542 | I37: 0.074705 | J37: 0.074769 | K37: =AVERAGE(I37:J37) -> 0.074737 | M37: 0.11704 | N37: 0.11516 | O37: =AVERAGE(M37:N37) -> 0.1161 | Q37: 0.12533 | R37: 0.13073 | S37: =AVERAGE(Q37:R37) -> 0.12803 | U37: 0.14432 | V37: 0.13941 | W37: =AVERAGE(U37:V37) -> 0.141865
A38: Muscle | B38: =AVERAGE(E38/E$9,F38/E$9,I38/I$9,J38/I$9,M38/M$9,N38/M$9,Q38/Q$9,R38/Q$9,U38/U$9,V38/U$9) -> 0.22203294 | C38: =STDEV(E38/E$9,F38/E$9,I38/I$9,J38/I$9,M38/M$9,N38/M$9,Q38/Q$9,R38/Q$9,U38/U$9,V38/U$9)/SQRT(D38) -> 0.021853156 | D38: =COUNT(E38:V38)/2 -> 7 | E38: 0.032807 | F38: 0.029871 | G38: =AVERAGE(E38:F38) -> 0.031339 | I38: 0.027998 | J38: 0.025175 | K38: =AVERAGE(I38:J38) -> 0.0265865 | M38: 0.031817 | N38: 0.019647 | O38: =AVERAGE(M38:N38) -> 0.025732 | Q38: 0.027069 | R38: 0.027795 | S38: =AVERAGE(Q38:R38) -> 0.027432 | U38: 0.038804 | V38: 0.043248 | W38: =AVERAGE(U38:V38) -> 0.041026
A39: Kidney | B39: =AVERAGE(E39/E$9,F39/E$9,I39/I$9,J39/I$9,M39/M$9,N39/M$9,Q39/Q$9,R39/Q$9,U39/U$9,V39/U$9) -> 0.19661025 | C39: =STDEV(E39/E$9,F39/E$9,I39/I$9,J39/I$9,M39/M$9,N39/M$9,Q39/Q$9,R39/Q$9,U39/U$9,V39/U$9)/SQRT(D39) -> 0.019798374 | D39: =COUNT(E39:V39)/2 -> 7 | E39: 0.027314 | F39: 0.028766 | G39: =AVERAGE(E39:F39) -> 0.02804 | I39: 0.024085 | J39: 0.025918 | K39: =AVERAGE(I39:J39) -> 0.0250015 | M39: 0.02855 | N39: 0.021604 | O39: =AVERAGE(M39:N39) -> 0.025077 | Q39: 0.02559 | R39: 0.024132 | S39: =AVERAGE(Q39:R39) -> 0.024861 | U39: 0.029735 | V39: 0.029657 | W39: =AVERAGE(U39:V39) -> 0.029696
A40: Liver | B40: =AVERAGE(E40/E$9,F40/E$9,I40/I$9,J40/I$9,M40/M$9,N40/M$9,Q40/Q$9,R40/Q$9,U40/U$9,V40/U$9) -> 0.16373151 | C40: =STDEV(E40/E$9,F40/E$9,I40/I$9,J40/I$9,M40/M$9,N40/M$9,Q40/Q$9,R40/Q$9,U40/U$9,V40/U$9)/SQRT(D40) -> 0.0062916826 | D40: =COUNT(E40:V40)/2 -> 7 | E40: 0.018774 | F40: 0.019853 | G40: =AVERAGE(E40:F40) -> 0.0193135 | I40: 0.017915 | J40: 0.018757 | K40: =AVERAGE(I40:J40) -> 0.018336 | M40: 0.022314 | N40: 0.022013 | O40: =AVERAGE(M40:N40) -> 0.0221635 | Q40: 0.025992 | R40: 0.025846 | S40: =AVERAGE(Q40:R40) -> 0.025919 | U40: 0.029925 | V40: 0.028035 | W40: =AVERAGE(U40:V40) -> 0.02898
A41: Spleen | B41: =AVERAGE(E41/E$9,F41/E$9,I41/I$9,J41/I$9,M41/M$9,N41/M$9,Q41/Q$9,R41/Q$9,U41/U$9,V41/U$9) -> 0.11934019 | C41: =STDEV(E41/E$9,F41/E$9,I41/I$9,J41/I$9,M41/M$9,N41/M$9,Q41/Q$9,R41/Q$9,U41/U$9,V41/U$9)/SQRT(D41) -> 0.011768687 | D41: =COUNT(E41:V41)/2 -> 7 | E41: 0.015218 | F41: 0.015153 | G41: =AVERAGE(E41:F41) -> 0.0151855 | I41: 0.0154 | J41: 0.014437 | K41: =AVERAGE(I41:J41) -> 0.0149185 | M41: 0.013275 | N41: 0.012464 | O41: =AVERAGE(M41:N41) -> 0.0128695 | Q41: 0.024151 | R41: 0.023001 | S41: =AVERAGE(Q41:R41) -> 0.023576 | U41: 0.015038 | V41: 0.015502 | W41: =AVERAGE(U41:V41) -> 0.01527
A42: Skin | B42: NaN | C42: NaN | D42: 0 | G42: =AVERAGE(E42:F42) -> #DIV/0! | K42: =AVERAGE(I42:J42) -> #DIV/0! | O42: =AVERAGE(M42:N42) -> #DIV/0! | S42: =AVERAGE(Q42:R42) -> #DIV/0! | W42: =AVERAGE(U42:V42) -> #DIV/0!
A43: Pancreas | B43: =AVERAGE(E43/E$9,F43/E$9,I43/I$9,J43/I$9,M43/M$9,N43/M$9,Q43/Q$9,R43/Q$9,U43/U$9,V43/U$9) -> 0.14487504 | C43: =STDEV(E43/E$9,F43/E$9,I43/I$9,J43/I$9,M43/M$9,N43/M$9,Q43/Q$9,R43/Q$9,U43/U$9,V43/U$9)/SQRT(D43) -> 0.012761019 | D43: =COUNT(E43:V43)/2 -> 7 | E43: 0.020177 | F43: 0.019191 | G43: =AVERAGE(E43:F43) -> 0.019684 | I43: 0.016564 | J43: 0.018575 | K43: =AVERAGE(I43:J43) -> 0.0175695 | M43: 0.018264 | N43: 0.017876 | O43: =AVERAGE(M43:N43) -> 0.01807 | Q43: 0.02044 | R43: 0.027535 | S43: =AVERAGE(Q43:R43) -> 0.0239875 | U43: 0.019681 | V43: 0.019306 | W43: =AVERAGE(U43:V43) -> 0.0194935
A44: Lung | B44: =AVERAGE(E44/E$9,F44/E$9,I44/I$9,J44/I$9,M44/M$9,N44/M$9,Q44/Q$9,R44/Q$9,U44/U$9,V44/U$9) -> 0.20061321 | C44: =STDEV(E44/E$9,F44/E$9,I44/I$9,J44/I$9,M44/M$9,N44/M$9,Q44/Q$9,R44/Q$9,U44/U$9,V44/U$9)/SQRT(D44) -> 0.018904113 | D44: =COUNT(E44:V44)/2 -> 7 | E44: 0.025494 | F44: 0.024826 | G44: =AVERAGE(E44:F44) -> 0.02516 | I44: 0.027614 | J44: 0.025359 | K44: =AVERAGE(I44:J44) -> 0.0264865 | M44: 0.026452 | N44: 0.01733 | O44: =AVERAGE(M44:N44) -> 0.021891 | Q44: 0.030714 | R44: 0.026421 | S44: =AVERAGE(Q44:R44) -> 0.0285675 | U44: 0.033888 | V44: 0.036691 | W44: =AVERAGE(U44:V44) -> 0.0352895
A45: Heart | B45: =AVERAGE(E45/E$9,F45/E$9,I45/I$9,J45/I$9,M45/M$9,N45/M$9,Q45/Q$9,R45/Q$9,U45/U$9,V45/U$9) -> 0.15863447 | C45: =STDEV(E45/E$9,F45/E$9,I45/I$9,J45/I$9,M45/M$9,N45/M$9,Q45/Q$9,R45/Q$9,U45/U$9,V45/U$9)/SQRT(D45) -> 0.027413273 | D45: =COUNT(E45:V45)/2 -> 7 | E45: 0.02032 | F45: 0.022141 | G45: =AVERAGE(E45:F45) -> 0.0212305 | I45: 0.028669 | J45: 0.025697 | K45: =AVERAGE(I45:J45) -> 0.027183 | M45: 0.014442 | N45: 0.016113 | O45: =AVERAGE(M45:N45) -> 0.0152775 | Q45: 0.018981 | R45: 0.019722 | S45: =AVERAGE(Q45:R45) -> 0.0193515 | U45: 0.018199 | V45: 0.021611 | W45: =AVERAGE(U45:V45) -> 0.019905
A46: gWAT | B46: =AVERAGE(E46/E$9,I46/I$9,M46/M$9,Q46/Q$9,U46/U$9) -> 0.15131952 | C46: =STDEV(E46/E$9,I46/I$9,M46/M$9,Q46/Q$9,U46/U$9)/SQRT(D46) -> 0.013657844 | D46: =COUNT(E46:V46) -> 9 | E46: 0.019159 | G46: =AVERAGE(E46:F46) -> 0.019159 | I46: 0.019918 | K46: =AVERAGE(I46:J46) -> 0.019918 | M46: 0.015022 | O46: =AVERAGE(M46:N46) -> 0.015022 | Q46: 0.026507 | S46: =AVERAGE(Q46:R46) -> 0.026507 | U46: 0.022877 | W46: =AVERAGE(U46:V46) -> 0.022877
A47: iWAT | B47: =AVERAGE(F47/E$9,J47/I$9,N47/M$9,R47/Q$9,V47/U$9) -> 0.14825689 | C47: =STDEV(F47/E$9,J47/I$9,N47/M$9,R47/Q$9,V47/U$9)/SQRT(D47) -> 0.010716261 | D47: =COUNT(E47:V47) -> 9 | F47: 0.018464 | G47: =AVERAGE(E47:F47) -> 0.018464 | J47: 0.017269 | K47: =AVERAGE(I47:J47) -> 0.017269 | N47: 0.019311 | O47: =AVERAGE(M47:N47) -> 0.019311 | R47: 0.028552 | S47: =AVERAGE(Q47:R47) -> 0.028552 | V47: 0.018776 | W47: =AVERAGE(U47:V47) -> 0.018776
A48: Small intestine | B48: =AVERAGE(E48/E$9,F48/E$9,I48/I$9,J48/I$9,M48/M$9,N48/M$9,Q48/Q$9,R48/Q$9,U48/U$9,V48/U$9) -> 0.12626288 | C48: =STDEV(E48/E$9,F48/E$9,I48/I$9,J48/I$9,M48/M$9,N48/M$9,Q48/Q$9,R48/Q$9,U48/U$9,V48/U$9)/SQRT(D48) -> 0.013997233 | D48: =COUNT(E48:V48)/2 -> 7 | E48: 0.01394 | F48: 0.018574 | G48: =AVERAGE(E48:F48) -> 0.016257 | I48: 0.017065 | J48: 0.018157 | K48: =AVERAGE(I48:J48) -> 0.017611 | M48: 0.014799 | N48: 0.01351 | O48: =AVERAGE(M48:N48) -> 0.0141545 | Q48: 0.021479 | R48: 0.018364 | S48: =AVERAGE(Q48:R48) -> 0.0199215 | U48: 0.017011 | V48: 0.017341 | W48: =AVERAGE(U48:V48) -> 0.017176
A49: Brown fat | B49: =AVERAGE(E49/E$9,J49/I$9,Q49/Q$9,R49/Q$9,V49/U$9) -> 0.19944619 | C49: =STDEV(E49/E$9,J49/I$9,Q49/Q$9,R49/Q$9,V49/U$9)/SQRT(D49) -> 0.026878129 | D49: 4 | E49: 0.023073 | G49: =AVERAGE(E49:F49) -> 0.023073 | J49: 0.027837 | K49: =AVERAGE(I49:J49) -> 0.027837 | O49: =AVERAGE(M49:N49) -> #DIV/0! | Q49: 0.029549 | R49: 0.032252 | S49: =AVERAGE(Q49:R49) -> 0.0309005 | V49: 0.025857 | W49: =AVERAGE(U49:V49) -> 0.025857
A50: Stomach | B50: NaN | C50: NaN | D50: 0 | G50: =AVERAGE(E50:F50) -> #DIV/0! | K50: =AVERAGE(I50:J50) -> #DIV/0! | O50: =AVERAGE(M50:N50) -> #DIV/0! | S50: =AVERAGE(Q50:R50) -> #DIV/0! | W50: =AVERAGE(U50:V50) -> #DIV/0!
A51: Bone | B51: NaN | C51: NaN | D51: 0 | G51: =AVERAGE(E51:F51) -> #DIV/0! | K51: =AVERAGE(I51:J51) -> #DIV/0! | O51: =AVERAGE(M51:N51) -> #DIV/0! | S51: =AVERAGE(Q51:R51) -> #DIV/0! | W51: =AVERAGE(U51:V51) -> #DIV/0!
G52: =AVERAGE(E52:F52) -> #DIV/0! | K52: =AVERAGE(I52:J52) -> #DIV/0! | O52: =AVERAGE(M52:N52) -> #DIV/0! | S52: =AVERAGE(Q52:R52) -> #DIV/0! | W52: =AVERAGE(U52:V52) -> #DIV/0!
A53: Tissue succinate | G53: =AVERAGE(E53:F53) -> #DIV/0! | K53: =AVERAGE(I53:J53) -> #DIV/0! | O53: =AVERAGE(M53:N53) -> #DIV/0! | S53: =AVERAGE(Q53:R53) -> #DIV/0! | W53: =AVERAGE(U53:V53) -> #DIV/0!
A54: Brain | B54: =AVERAGE(E54/E$9,F54/E$9,I54/I$9,J54/I$9,M54/M$9,N54/M$9,Q54/Q$9,R54/Q$9,U54/U$9,V54/U$9) -> 0.76340271 | C54: =STDEV(E54/E$9,F54/E$9,I54/I$9,J54/I$9,M54/M$9,N54/M$9,Q54/Q$9,R54/Q$9,U54/U$9,V54/U$9)/SQRT(D54) -> 0.0067117172 | D54: =COUNT(E54:V54)/2 -> 7 | E54: 0.086936 | F54: 0.085489 | G54: =AVERAGE(E54:F54) -> 0.0862125 | I54: 0.075401 | J54: 0.074961 | K54: =AVERAGE(I54:J54) -> 0.075181 | M54: 0.11392 | N54: 0.11376 | O54: =AVERAGE(M54:N54) -> 0.11384 | Q54: 0.12393 | R54: 0.12961 | S54: =AVERAGE(Q54:R54) -> 0.12677 | U54: 0.1431 | V54: 0.14045 | W54: =AVERAGE(U54:V54) -> 0.141775
A55: Muscle | B55: =AVERAGE(E55/E$9,F55/E$9,I55/I$9,J55/I$9,M55/M$9,N55/M$9,Q55/Q$9,R55/Q$9,U55/U$9,V55/U$9) -> 0.22450274 | C55: =STDEV(E55/E$9,F55/E$9,I55/I$9,J55/I$9,M55/M$9,N55/M$9,Q55/Q$9,R55/Q$9,U55/U$9,V55/U$9)/SQRT(D55) -> 0.027950166 | D55: =COUNT(E55:V55)/2 -> 7 | E55: 0.035095 | F55: 0.03269 | G55: =AVERAGE(E55:F55) -> 0.0338925 | I55: 0.031772 | J55: 0.026319 | K55: =AVERAGE(I55:J55) -> 0.0290455 | M55: 0.025747 | N55: 0.019199 | O55: =AVERAGE(M55:N55) -> 0.022473 | Q55: 0.026817 | R55: 0.025989 | S55: =AVERAGE(Q55:R55) -> 0.026403 | U55: 0.036595 | V55: 0.042342 | W55: =AVERAGE(U55:V55) -> 0.0394685
A56: Kidney | B56: =AVERAGE(E56/E$9,F56/E$9,I56/I$9,J56/I$9,M56/M$9,N56/M$9,Q56/Q$9,R56/Q$9,U56/U$9,V56/U$9) -> 0.19689336 | C56: =STDEV(E56/E$9,F56/E$9,I56/I$9,J56/I$9,M56/M$9,N56/M$9,Q56/Q$9,R56/Q$9,U56/U$9,V56/U$9)/SQRT(D56) -> 0.024103523 | D56: =COUNT(E56:V56)/2 -> 7 | E56: 0.026317 | F56: 0.029116 | G56: =AVERAGE(E56:F56) -> 0.0277165 | I56: 0.025793 | J56: 0.029748 | K56: =AVERAGE(I56:J56) -> 0.0277705 | M56: 0.024784 | N56: 0.018981 | O56: =AVERAGE(M56:N56) -> 0.0218825 | Q56: 0.026082 | R56: 0.024909 | S56: =AVERAGE(Q56:R56) -> 0.0254955 | U56: 0.029056 | V56: 0.027925 | W56: =AVERAGE(U56:V56) -> 0.0284905
A57: Liver | B57: =AVERAGE(E57/E$9,F57/E$9,I57/I$9,J57/I$9,M57/M$9,N57/M$9,Q57/Q$9,R57/Q$9,U57/U$9,V57/U$9) -> 0.1586676 | C57: =STDEV(E57/E$9,F57/E$9,I57/I$9,J57/I$9,M57/M$9,N57/M$9,Q57/Q$9,R57/Q$9,U57/U$9,V57/U$9)/SQRT(D57) -> 0.0099547719 | D57: =COUNT(E57:V57)/2 -> 7 | E57: 0.019306 | F57: 0.018993 | G57: =AVERAGE(E57:F57) -> 0.0191495 | I57: 0.017924 | J57: 0.018407 | K57: =AVERAGE(I57:J57) -> 0.0181655 | M57: 0.021471 | N57: 0.014513 | O57: =AVERAGE(M57:N57) -> 0.017992 | Q57: 0.026531 | R57: 0.025925 | S57: =AVERAGE(Q57:R57) -> 0.026228 | U57: 0.029576 | V57: 0.029722 | W57: =AVERAGE(U57:V57) -> 0.029649
A58: Spleen | B58: =AVERAGE(E58/E$9,F58/E$9,I58/I$9,J58/I$9,M58/M$9,N58/M$9,Q58/Q$9,R58/Q$9,U58/U$9,V58/U$9) -> 0.10984356 | C58: =STDEV(E58/E$9,F58/E$9,I58/I$9,J58/I$9,M58/M$9,N58/M$9,Q58/Q$9,R58/Q$9,U58/U$9,V58/U$9)/SQRT(D58) -> 0.012929741 | D58: =COUNT(E58:V58)/2 -> 7 | E58: 0.015126 | F58: 0.016685 | G58: =AVERAGE(E58:F58) -> 0.0159055 | I58: 0.014453 | J58: 0.014395 | K58: =AVERAGE(I58:J58) -> 0.014424 | M58: 0.011437 | N58: 0.011038 | O58: =AVERAGE(M58:N58) -> 0.0112375 | Q58: 0.018284 | R58: 0.019009 | S58: =AVERAGE(Q58:R58) -> 0.0186465 | U58: 0.013477 | V58: 0.013639 | W58: =AVERAGE(U58:V58) -> 0.013558
A59: Skin | B59: NaN | C59: NaN | D59: 0 | G59: =AVERAGE(E59:F59) -> #DIV/0! | K59: =AVERAGE(I59:J59) -> #DIV/0! | O59: =AVERAGE(M59:N59) -> #DIV/0! | S59: =AVERAGE(Q59:R59) -> #DIV/0! | W59: =AVERAGE(U59:V59) -> #DIV/0!
A60: Pancreas | B60: =AVERAGE(E60/E$9,F60/E$9,I60/I$9,J60/I$9,M60/M$9,N60/M$9,Q60/Q$9,R60/Q$9,U60/U$9,V60/U$9) -> 0.14368616 | C60: =STDEV(E60/E$9,F60/E$9,I60/I$9,J60/I$9,M60/M$9,N60/M$9,Q60/Q$9,R60/Q$9,U60/U$9,V60/U$9)/SQRT(D60) -> 0.015144614 | D60: =COUNT(E60:V60)/2 -> 7 | E60: 0.02043 | F60: 0.021406 | G60: =AVERAGE(E60:F60) -> 0.020918 | I60: 0.017968 | J60: 0.01689 | K60: =AVERAGE(I60:J60) -> 0.017429 | M60: 0.017769 | N60: 0.017509 | O60: =AVERAGE(M60:N60) -> 0.017639 | Q60: 0.019777 | R60: 0.027892 | S60: =AVERAGE(Q60:R60) -> 0.0238345 | U60: 0.017323 | V60: 0.01724 | W60: =AVERAGE(U60:V60) -> 0.0172815
A61: Lung | B61: =AVERAGE(E61/E$9,F61/E$9,I61/I$9,J61/I$9,M61/M$9,N61/M$9,Q61/Q$9,R61/Q$9,U61/U$9,V61/U$9) -> 0.15459785 | C61: =STDEV(E61/E$9,F61/E$9,I61/I$9,J61/I$9,M61/M$9,N61/M$9,Q61/Q$9,R61/Q$9,U61/U$9,V61/U$9)/SQRT(D61) -> 0.017971343 | D61: =COUNT(E61:V61)/2 -> 7 | E61: 0.02312 | F61: 0.021857 | G61: =AVERAGE(E61:F61) -> 0.0224885 | I61: 0.021765 | J61: 0.019824 | K61: =AVERAGE(I61:J61) -> 0.0207945 | M61: 0.015852 | N61: 0.017402 | O61: =AVERAGE(M61:N61) -> 0.016627 | Q61: 0.021579 | R61: 0.02275 | S61: =AVERAGE(Q61:R61) -> 0.0221645 | U61: 0.019818 | V61: 0.022996 | W61: =AVERAGE(U61:V61) -> 0.021407
A62: Heart | B62: =AVERAGE(E62/E$9,F62/E$9,I62/I$9,J62/I$9,M62/M$9,N62/M$9,Q62/Q$9,R62/Q$9,U62/U$9,V62/U$9) -> 0.1645011 | C62: =STDEV(E62/E$9,F62/E$9,I62/I$9,J62/I$9,M62/M$9,N62/M$9,Q62/Q$9,R62/Q$9,U62/U$9,V62/U$9)/SQRT(D62) -> 0.030396016 | D62: =COUNT(E62:V62)/2 -> 7 | E62: 0.020843 | F62: 0.023846 | G62: =AVERAGE(E62:F62) -> 0.0223445 | I62: 0.029243 | J62: 0.028893 | K62: =AVERAGE(I62:J62) -> 0.029068 | M62: 0.014421 | N62: 0.016613 | O62: =AVERAGE(M62:N62) -> 0.015517 | Q62: 0.019411 | R62: 0.019737 | S62: =AVERAGE(Q62:R62) -> 0.019574 | U62: 0.018495 | V62: 0.020233 | W62: =AVERAGE(U62:V62) -> 0.019364
A63: gWAT | B63: =AVERAGE(E63/E$9,I63/I$9,M63/M$9,Q63/Q$9,U63/U$9) -> 0.16592446 | C63: =STDEV(E63/E$9,I63/I$9,M63/M$9,Q63/Q$9,U63/U$9)/SQRT(D63) -> 0.029250369 | D63: =COUNT(E63:V63) -> 9 | E63: 0.018783 | G63: =AVERAGE(E63:F63) -> 0.018783 | I63: 0.030897 | K63: =AVERAGE(I63:J63) -> 0.030897 | M63: 0.014609 | O63: =AVERAGE(M63:N63) -> 0.014609 | Q63: 0.021175 | S63: =AVERAGE(Q63:R63) -> 0.021175 | U63: 0.022584 | W63: =AVERAGE(U63:V63) -> 0.022584
A64: iWAT | B64: =AVERAGE(F64/E$9,J64/I$9,N64/M$9,R64/Q$9,V64/U$9) -> 0.12083919 | C64: =STDEV(F64/E$9,J64/I$9,N64/M$9,R64/Q$9,V64/U$9)/SQRT(D64) -> 0.028683395 | D64: =COUNT(E64:V64) -> 7 | F64: 0.015299 | G64: =AVERAGE(E64:F64) -> 0.015299 | J64: 0.018583 | K64: =AVERAGE(I64:J64) -> 0.018583 | O64: =AVERAGE(M64:N64) -> #DIV/0! | R64: 0.029816 | S64: =AVERAGE(Q64:R64) -> 0.029816 | V64: 0.018471 | W64: =AVERAGE(U64:V64) -> 0.018471
A65: Small intestine | B65: =AVERAGE(E65/E$9,F65/E$9,I65/I$9,J65/I$9,M65/M$9,N65/M$9,Q65/Q$9,R65/Q$9,U65/U$9,V65/U$9) -> 0.12714374 | C65: =STDEV(E65/E$9,F65/E$9,I65/I$9,J65/I$9,M65/M$9,N65/M$9,Q65/Q$9,R65/Q$9,U65/U$9,V65/U$9)/SQRT(D65) -> 0.01503717 | D65: =COUNT(E65:V65)/2 -> 7 | E65: 0.01293 | F65: 0.017567 | G65: =AVERAGE(E65:F65) -> 0.0152485 | I65: 0.018467 | J65: 0.01887 | K65: =AVERAGE(I65:J65) -> 0.0186685 | M65: 0.014465 | N65: 0.019628 | O65: =AVERAGE(M65:N65) -> 0.0170465 | Q65: 0.019161 | R65: 0.01659 | S65: =AVERAGE(Q65:R65) -> 0.0178755 | U65: 0.016285 | V65: 0.016488 | W65: =AVERAGE(U65:V65) -> 0.0163865
A66: Brown fat | B66: =AVERAGE(E66/E$9,J66/I$9,Q66/Q$9,R66/Q$9,V66/U$9) -> 0.19250699 | C66: =STDEV(E66/E$9,J66/I$9,Q66/Q$9,R66/Q$9,V66/U$9)/SQRT(D66) -> 0.029767108 | D66: 4 | E66: 0.023016 | G66: =AVERAGE(E66:F66) -> 0.023016 | J66: 0.027818 | K66: =AVERAGE(I66:J66) -> 0.027818 | N66: 0.013886 | O66: =AVERAGE(M66:N66) -> 0.013886 | Q66: 0.029291 | R66: 0.029563 | S66: =AVERAGE(Q66:R66) -> 0.029427 | V66: 0.022782 | W66: =AVERAGE(U66:V66) -> 0.022782
A67: Stomach | B67: NaN | C67: NaN | D67: 0 | G67: =AVERAGE(E67:F67) -> #DIV/0! | K67: =AVERAGE(I67:J67) -> #DIV/0! | O67: =AVERAGE(M67:N67) -> #DIV/0! | S67: =AVERAGE(Q67:R67) -> #DIV/0! | W67: =AVERAGE(U67:V67) -> #DIV/0!
A68: Bone | B68: NaN | C68: NaN | D68: 0 | G68: =AVERAGE(E68:F68) -> #DIV/0! | K68: =AVERAGE(I68:J68) -> #DIV/0! | O68: =AVERAGE(M68:N68) -> #DIV/0! | S68: =AVERAGE(Q68:R68) -> #DIV/0! | W68: =AVERAGE(U68:V68) -> #DIV/0!
G69: =AVERAGE(E69:F69) -> #DIV/0! | K69: =AVERAGE(I69:J69) -> #DIV/0! | O69: =AVERAGE(M69:N69) -> #DIV/0! | S69: =AVERAGE(Q69:R69) -> #DIV/0! | W69: =AVERAGE(U69:V69) -> #DIV/0!
A81: When | E81: 42544 | I81: 42544 | M81: 42625 | Q81: 42625
A82: Who | E82: SH | I82: SH | M82: SH | Q82: SH | U82: ZZ | W82: ZZ | AA82: TT | AC82: TT | AF82: LW
A83: Mouse | E83: M2 | I83: M4 | M83: M7 | Q83: M8 | U83: glc1 | W83: glc2 | AA83: glc2 | AC83: glc3 | AF83: 190204-Fed-glc1-t2
A84: State | E84: refed | I84: refed | M84: refed | Q84: refed | U84: refed | W84: refed | AA84: refed | AC84: refed | AF84: refed
A85: Infusate | E85: [U-13C]glucose | I85: [U-13C]glucose | M85: [U-13C]glucose | Q85: [U-13C]glucose | U85: [U-13C]glucose | W85: [U-13C]glucose | AA85: [U-13C]glucose | AC85: [U-13C]glucose | AF85: [U-13C]glucose
A86: Concentration (mM) | E86: 200 | I86: 200 | M86: 200 | Q86: 200 | U86: 400 | W86: 400 | AA86: 400 | AC86: 400
A87: Rate (µl/min/g) | E87: 0.1 | I87: 0.1 | M87: 0.1 | Q87: 0.1 | U87: 0.2 | W87: 0.2 | AA87: 0.2 | AC87: 0.2
A88: Enrichment | E88: 0.050457372 | I88: 0.042219809 | M88: 0.046049235 | Q88: 0.040426218 | U88: 0.1536282 | W88: 0.16826573 | AA88: =AVERAGE(0.14725585,0.15728741) -> 0.15227163 | AC88: =AVERAGE(0.154716672,0.175252074) -> 0.16498437
A89: Avg. C enrichment | E89: =E99 -> 0.053608 | I89: =I99 -> 0.046267 | M89: =M99 -> 0.05058 | Q89: =Q99 -> 0.04488 | U89: =U99 -> 0.17083 | W89: =W99 -> 0.18984 | AA89: =AVERAGE(AA99:AB99) -> 0.16747 | AC89: =AVERAGE(AC99:AD99) -> 0.18109 | AF89: 0.18545
A90: Fcirc | E90: =E86*E87*(1-E88)/E88 -> 376.37419 | I90: =I86*I87*(1-I88)/I88 -> 453.71129 | M90: =M86*M87*(1-M88)/M88 -> 414.31775 | Q90: =Q86*Q87*(1-Q88)/Q88 -> 474.72845 | U90: =U86*U87*(1-U88)/U88 -> 440.73772 | W90: =W86*W87*(1-W88)/W88 -> 395.43846 | AA90: =AA86*AA87*(1-AA88)/AA88 -> 445.37692 | AC90: =AC86*AC87*(1-AC88)/AC88 -> 404.89441 | AF90: =AF86*AF87*(1-AF88)/AF88 -> #DIV/0!
A91: factor between Fcirc and Fcirc' | C91: =AVERAGE(E91:AC91) -> 0.89753548 | E91: =(1-E89)*E88/E89/(1-E88) -> 0.93810536 | I91: =(1-I89)*I88/I89/(1-I88) -> 0.90866936 | M91: =(1-M89)*M88/M89/(1-M88) -> 0.90609975 | Q91: =(1-Q89)*Q88/Q89/(1-Q88) -> 0.89658162 | U91: =(1-U89)*U88/U89/(1-U88) -> 0.88102698 | W91: =(1-W89)*W88/W89/(1-W88) -> 0.86336443 | AA91: =(1-AA89)*AA88/AA89/(1-AA88) -> 0.89294591 | AC91: =(1-AC89)*AC88/AC89/(1-AC88) -> 0.89349045
A92: Who | E92: SH | I92: SH | M92: SH | Q92: SH | U92: ZZ | W92: ZZ | AA92: TT | AC92: TT | AF92: LW
A93: Machine | E93: QE+ | I93: QE+ | M93: QE+ | Q93: QE+ | U93: QE+ | W93: QE+ | AA93: QE+ | AC93: QE+ | AF93: QE2
A94: Folder | E94: 20160624_GlcInfusion_fastedvsfed | I94: 20160624_GlcInfusion_fastedvsfed | M94: 20160928_GlcInfusion_fedvsfasted | Q94: 20160928_GlcInfusion_fedvsfasted | U94: 20190427-refed-3hrs | W94: 20190427-refed-3hrs | AA94: 20190225-serum-fedglc2-3-glyc1-2-ala3-4 (QE2); 20190222-fed-glc1-2; 20190303_glycerolkinase (glycerol measurement) | AC94: 20190225-serum-fedglc2-3-glyc1-2-ala3-4 (QE2); 20190222-fed-glc1-2; 20190303_glycerolkinase (glycerol measurement) | AF94: 20190211-MALDI-serum-GlycerolKinase
A96: Note | E96: two biological samples were run for each tissue | I96: two biological samples were run for each tissue
B97: Mean | C97: SEM | D97: N
A98: Serum
A99: glucose | B99: =AVERAGE(E99/E$89,I99/I$89,M99/M$89,Q99/Q$89,AVERAGE(AA99/AA$89,AB99/AA$89),AVERAGE(AC99/AC$89,AD99/AC$89)) -> 1 | C99: =STDEV(E99/E$89,I99/I$89,M99/M$89,Q99/Q$89,AVERAGE(AA99/AA$89,AB99/AA$89),AVERAGE(AC99/AC$89,AD99/AC$89))/SQRT(D99) -> 0 | D99: =COUNT(E99:AZ99)-2 -> 8 | E99: 0.053608 | I99: 0.046267 | M99: 0.05058 | Q99: 0.04488 | U99: 0.17083 | W99: 0.18984 | AA99: 0.16218 | AB99: 0.17276 | AC99: 0.1696 | AD99: 0.19258
A100: lactate | B100: =AVERAGE(E100/E$89,I100/I$89,M100/M$89,Q100/Q$89,U100/U$89,W100/W$89,AVERAGE(AA100/AA$89,AB100/AA$89),AVERAGE(AC100/AC$89,AD100/AC$89)) -> 0.79297216 | C100: =STDEV(E100/E$89,I100/I$89,M100/M$89,Q100/Q$89,U100/U$89,W100/W$89,AVERAGE(AA100/AA$89,AB100/AA$89),AVERAGE(AC100/AC$89,AD100/AC$89))/SQRT(D100) -> 0.018041733 | D100: =COUNT(E100:AZ100)-2 -> 8 | E100: 0.03883 | I100: 0.040384 | M100: 0.039776 | Q100: 0.032408 | U100: 0.14187 | W100: 0.15538 | AA100: 0.12899 | AB100: 0.13643 | AC100: 0.13801 | AD100: 0.15054
A101: glutamine | B101: =AVERAGE(E101/E$89,I101/I$89,M101/M$89,Q101/Q$89,U101/U$89,W101/W$89,AVERAGE(AA101/AA$89,AB101/AA$89),AVERAGE(AC101/AC$89,AD101/AC$89)) -> 0.21493543 | C101: =STDEV(E101/E$89,I101/I$89,M101/M$89,Q101/Q$89,U101/U$89,W101/W$89,AVERAGE(AA101/AA$89,AB101/AA$89),AVERAGE(AC101/AC$89,AD101/AC$89))/SQRT(D101) -> 0.020644665 | D101: =COUNT(E101:AZ101)-2 -> 8 | E101: 0.010325 | I101: 0.0083848 | M101: 0.0099975 | Q101: 0.0075746 | U101: 0.059374 | W101: 0.047152 | AA101: 0.031959 | AB101: 0.031498 | AC101: 0.033892 | AD101: 0.036308
A102: alanine | B102: =AVERAGE(E102/E$89,I102/I$89,M102/M$89,Q102/Q$89,U102/U$89,W102/W$89,AVERAGE(AA102/AA$89,AB102/AA$89),AVERAGE(AC102/AC$89,AD102/AC$89)) -> 0.45928663 | C102: =STDEV(E102/E$89,I102/I$89,M102/M$89,Q102/Q$89,U102/U$89,W102/W$89,AVERAGE(AA102/AA$89,AB102/AA$89),AVERAGE(AC102/AC$89,AD102/AC$89))/SQRT(D102) -> 0.042693472 | D102: =COUNT(E102:AZ102)-2 -> 8 | E102: 0.025612 | I102: 0.02513 | M102: 0.030016 | Q102: 0.02356 | U102: 0.090477 | W102: 0.086176 | AA102: 0.045976 | AB102: 0.045639 | AC102: 0.045094 | AD102: 0.055551
A103: 3-hydroxybutyrate | B103: =AVERAGE(E103/E$89,I103/I$89,M103/M$89,Q103/Q$89,AVERAGE(AA103/AA$89,AB103/AA$89),AVERAGE(AC103/AC$89,AD103/AC$89)) -> 0.027177727 | C103: =STDEV(E103/E$89,I103/I$89,M103/M$89,Q103/Q$89,AVERAGE(AA103/AA$89,AB103/AA$89),AVERAGE(AC103/AC$89,AD103/AC$89))/SQRT(D103) -> 0.010080348 | D103: =COUNT(E103:AZ103)-2 -> 6 | E103: 0.0012773 | I103: 0.001121 | M103: 0.00068963 | Q103: 0.00034013 | AA103: 0.01874 | AB103: 0.0066847 | AC103: 0 | AD103: 0.0064792
A104: palmitic acid | B104: =AVERAGE(E104/E$89,I104/I$89,M104/M$89,Q104/Q$89,U104/U$89,W104/W$89,AVERAGE(AA104/AA$89,AB104/AA$89),AVERAGE(AC104/AC$89,AD104/AC$89)) -> 0.012473429 | C104: =STDEV(E104/E$89,I104/I$89,M104/M$89,Q104/Q$89,U104/U$89,W104/W$89,AVERAGE(AA104/AA$89,AB104/AA$89),AVERAGE(AC104/AC$89,AD104/AC$89))/SQRT(D104) -> 0.0041540596 | D104: =COUNT(E104:AZ104)-2 -> 8 | E104: 0.0019183 | I104: 0.0001718 | M104: 2.3215e-05 | Q104: 5.7437e-06 | U104: 0.0020103 | W104: 0.0025001 | AA104: 0.0032175 | AB104: 0.0027309 | AC104: 0.0029459 | AD104: 0.0032135
A105: oleic acid | B105: =AVERAGE(E105/E$89,I105/I$89,M105/M$89,Q105/Q$89,U105/U$89,W105/W$89,AVERAGE(AA105/AA$89,AB105/AA$89),AVERAGE(AC105/AC$89,AD105/AC$89)) -> 0.0013486988 | C105: =STDEV(E105/E$89,I105/I$89,M105/M$89,Q105/Q$89,U105/U$89,W105/W$89,AVERAGE(AA105/AA$89,AB105/AA$89),AVERAGE(AC105/AC$89,AD105/AC$89))/SQRT(D105) -> 0.00051420859 | D105: =COUNT(E105:AZ105)-2 -> 8 | E105: 1.2964e-05 | I105: 0.00018227 | M105: 0 | Q105: 0 | U105: 0.00011761 | W105: 0.0005473 | AA105: 0.00018001 | AB105: 0.0001818 | AC105: 0.00037472 | AD105: 0.00033392
A106: linoleic acid | B106: =AVERAGE(E106/E$89,I106/I$89,M106/M$89,Q106/Q$89,U106/U$89,W106/W$89,AVERAGE(AA106/AA$89,AB106/AA$89),AVERAGE(AC106/AC$89,AD106/AC$89)) -> 0.00011182799 | C106: =STDEV(E106/E$89,I106/I$89,M106/M$89,Q106/Q$89,U106/U$89,W106/W$89,AVERAGE(AA106/AA$89,AB106/AA$89),AVERAGE(AC106/AC$89,AD106/AC$89))/SQRT(D106) -> 0.00011182799 | D106: =COUNT(E106:AZ106)-2 -> 8 | E106: 4.7959e-05 | I106: 0 | M106: 0 | Q106: 0 | U106: 0 | W106: 0 | AA106: 0 | AB106: 0 | AC106: 0 | AD106: 0
A107: serine | B107: =AVERAGE(E107/E$89,I107/I$89,M107/M$89,Q107/Q$89,U107/U$89,W107/W$89,AVERAGE(AA107/AA$89,AB107/AA$89),AVERAGE(AC107/AC$89,AD107/AC$89)) -> 0.079432354 | C107: =STDEV(E107/E$89,I107/I$89,M107/M$89,Q107/Q$89,U107/U$89,W107/W$89,AVERAGE(AA107/AA$89,AB107/AA$89),AVERAGE(AC107/AC$89,AD107/AC$89))/SQRT(D107) -> 0.017316419 | D107: =COUNT(E107:AZ107)-2 -> 8 | E107: 0.0088919 | I107: 0.0015681 | M107: 0.0063721 | Q107: 0.0048331 | U107: 0.01004 | W107: 0.013403 | AA107: 0.0060602 | AB107: 0.0079528 | AC107: 0.0041184 | AD107: 0.0070428
A108: glycine | B108: =AVERAGE(E108/E$89,I108/I$89,M108/M$89,Q108/Q$89,U108/U$89,W108/W$89,AVERAGE(AA108/AA$89,AB108/AA$89),AVERAGE(AC108/AC$89,AD108/AC$89)) -> 0.018190754 | C108: =STDEV(E108/E$89,I108/I$89,M108/M$89,Q108/Q$89,U108/U$89,W108/W$89,AVERAGE(AA108/AA$89,AB108/AA$89),AVERAGE(AC108/AC$89,AD108/AC$89))/SQRT(D108) -> 0.0083174891 | D108: =COUNT(E108:AZ108)-2 -> 8 | E108: 0 | I108: 0 | M108: 0.00045487 | Q108: 0.0019689 | U108: 0.0036579 | W108: 0.011995 | AA108: 0 | AB108: 0 | AC108: 0.0029211 | AD108: 0
A109: citrate | B109: =AVERAGE(E109/E$89,I109/I$89,M109/M$89,Q109/Q$89,U109/U$89,W109/W$89,AVERAGE(AA109/AA$89,AB109/AA$89),AVERAGE(AC109/AC$89,AD109/AC$89)) -> 0.16575221 | C109: =STDEV(E109/E$89,I109/I$89,M109/M$89,Q109/Q$89,U109/U$89,W109/W$89,AVERAGE(AA109/AA$89,AB109/AA$89),AVERAGE(AC109/AC$89,AD109/AC$89))/SQRT(D109) -> 0.0085018301 | D109: =COUNT(E109:AZ109)-2 -> 8 | E109: 0.0072514 | I109: 0.0072801 | M109: 0.0082598 | Q109: 0.007777 | U109: 0.034197 | W109: 0.036352 | AA109: 0.020229 | AB109: 0.024217 | AC109: 0.026733 | AD109: 0.035724
A110: acetate | B110: =AVERAGE(V110/U89,X110/W89) -> 0.043913805 | C110: =STDEV(V110/U$89,X110/W$89)/SQRT(D110) -> 0.0020128854 | D110: 2 | V110: 0.0071579341 | X110: 0.0087187229
A111: glycerol | B111: =AVERAGE(AVERAGE(AA111/AA89,AB111/AA89),AVERAGE(AC111/AC89,AD111/AC89),AF111/AF89) -> 0.18390862 | C111: =STDEV(AVERAGE(AA111/AA89,AB111/AA89),AVERAGE(AC111/AC89,AD111/AC89),AF111/AF89)/SQRT(D111) -> 0.012990442 | D111: 3 | AA111: 0.025594 | AB111: 0.044451 | AC111: 0.035329 | AD111: 0.028672 | AF111: 0.030764
A112: BCAAs | B112: =AVERAGE(E112/E$89,I112/I$89,M112/M$89,Q112/Q$89,U112/U$89,W112/W$89,AVERAGE(AA112/AA$89,AB112/AA$89),AVERAGE(AC112/AC$89,AD112/AC$89)) -> 0 | C112: =STDEV(E112/E$89,I112/I$89,M112/M$89,Q112/Q$89,U112/U$89,W112/W$89,AVERAGE(AA112/AA$89,AB112/AA$89),AVERAGE(AC112/AC$89,AD112/AC$89))/SQRT(D112) -> 0 | D112: =COUNT(E112:AZ112)-2 -> 8 | E112: 0 | I112: 0 | M112: 0 | Q112: 0 | U112: 0 | W112: 0 | AA112: 0 | AB112: 0 | AC112: 0 | AD112: 0
A113: 6AAs | B113: =AVERAGE(E113/E$89,I113/I$89,M113/M$89,Q113/Q$89,U113/U$89,W113/W$89,AVERAGE(AA113/AA$89,AB113/AA$89),AVERAGE(AC113/AC$89,AD113/AC$89)) -> 0 | C113: =STDEV(E113/E$89,I113/I$89,M113/M$89,Q113/Q$89,U113/U$89,W113/W$89,AVERAGE(AA113/AA$89,AB113/AA$89),AVERAGE(AC113/AC$89,AD113/AC$89))/SQRT(D113) -> 0 | D113: =COUNT(E113:AZ113)-2 -> 8 | E113: 0 | I113: 0 | M113: 0 | Q113: 0 | U113: 0 | W113: 0 | AA113: 0 | AB113: 0 | AC113: 0 | AD113: 0
A116: Tissue malate
A117: Brain | B117: =AVERAGE(AVERAGE(E117/E$89,F117/E$89),AVERAGE(I117/I$89,J117/I$89),M117/M$89,Q117/Q$89,AA117/AA$89,AC117/AC$89) -> 0.82472775 | C117: =STDEV(AVERAGE(E117/E$89,F117/E$89),AVERAGE(I117/I$89,J117/I$89),M117/M$89,Q117/Q$89,AA117/AA$89,AC117/AC$89)/SQRT(D117) -> 0.014912265 | D117: 6 | E117: 0.042531 | F117: 0.041942 | I117: 0.041631 | J117: 0.040769 | M117: 0.040516 | Q117: 0.036319 | AA117: 0.1376 | AC117: 0.15177
...

Sheet Lactate
A1: When | E1: 42502 | I1: 42502 | M1: 42565 | Q1: 42565 | U1: 42580 | Y1: 42599
A2: Who | E2: SH | I2: SH | M2: SH | Q2: SH | U2: SH | Y2: SH | AE2: XZ | AF2: XZ | AG2: XZ | AL2: TT | AN2: TT | AP2: TT | AR2: TT
A3: Mouse | E3: M3 | I3: M4 | M3: M5 | Q3: M6 | U3: M10 | Y3: M3 | AL3: lact1 | AN3: lact2 | AP3: lact3 | AR3: lact4
A4: State | E4: fasted | I4: fasted | M4: fasted | Q4: fasted | U4: fasted | Y4: fasted | AE4: fasted | AF4: fasted | AG4: fasted | AL4: fasted | AN4: fasted | AP4: fasted | AR4: fasted
A5: Infusate | E5: [U-13C]sodium lactate | I5: [U-13C]sodium lactate | M5: [U-13C]sodium lactate | Q5: [U-13C]sodium lactate | U5: [U-13C]sodium lactate | Y5: [U-13C]sodium lactate | AE5: [U-13C]sodium lactate | AF5: [U-13C]sodium lactate | AG5: [U-13C]sodium lactate | AL5: [U-13C]sodium lactate | AN5: [U-13C]sodium lactate | AP5: [U-13C]sodium lactate | AR5: [U-13C]sodium lactate
A6: Concentration (mM) | E6: 490 | F6: 0.05 | I6: 490 | J6: 0.05 | M6: 490 | N6: 0.05 | Q6: 490 | R6: 0.05 | U6: 490 | V6: 0.05 | Y6: 490 | Z6: 0.05
A7: Rate (µl/min/g) | E7: 0.12 | I7: 0.12 | M7: 0.1 | Q7: 0.1 | U7: 0.1 | Y7: 0.1
A8: Enrichment | E8: =0.0856062884004267*F8 -> 0.12412912 | F8: 1.45 | I8: =0.072009494885276*J8 -> 0.10441377 | J8: 1.45 | M8: =AVERAGE(0.073434306,0.064682729)*N8 -> 0.10013485 | N8: 1.45 | Q8: =AVERAGE(0.082171237,0.091608822)*R8 -> 0.12599054 | R8: 1.45 | U8: =AVERAGE(0.101809412,0.101363828)*V8 -> 0.1473006 | V8: 1.45 | Y8: =AVERAGE(0.065732604,0.076826523)*Z8 -> 0.10335537 | Z8: 1.45 | AM8: 1.45 | AO8: 1.45 | AQ8: 1.45 | AS8: 1.45
A9: Avg C enrichment | E9: =E20*F8 -> 0.1650535 | I9: =I20*J8 -> 0.13692205 | M9: =AVERAGE(M20:N20)*N8 -> 0.12248803 | Q9: =AVERAGE(Q20:R20)*R8 -> 0.14848 | U9: =AVERAGE(U20:V20)*V8 -> 0.188355 | Y9: =AVERAGE(Y20:Z20)*Z8 -> 0.13604698 | AE9: 0.17802734 | AF9: 0.16332547 | AG9: 0.16034584 | AL9: =0.11355*AM8 -> 0.1646475 | AN9: =0.096474*AO8 -> 0.1398873 | AP9: =0.14511*AQ8 -> 0.2104095 | AR9: =0.10042*AS8 -> 0.145609
A10: Fcirc | E10: =E6*E7*(1-E8)/E8 -> 414.9003 | I10: =I6*I7*(1-I8)/I8 -> 504.34413 | M10: =M6*M7*(1-M8)/M8 -> 440.34012 | Q10: =Q6*Q7*(1-Q8)/Q8 -> 339.91808 | U10: =U6*U7*(1-U8)/U8 -> 283.65309 | Y10: =Y6*Y7*(1-Y8)/Y8 -> 425.09246
A11: factor between Fcirc and Fcirc' | C11: =AVERAGE(E11:Y11) -> 0.75868393 | E11: =(1-E9)*E8/E9/(1-E8) -> 0.71691471 | I11: =(1-I9)*I8/I9/(1-I8) -> 0.73489787 | M11: =(1-M9)*M8/M9/(1-M8) -> 0.79719991 | Q11: =(1-Q9)*Q8/Q9/(1-Q8) -> 0.82670147 | U11: =(1-U9)*U8/U9/(1-U8) -> 0.74438484 | Y11: =(1-Y9)*Y8/Y9/(1-Y8) -> 0.73200479
A12: Who | E12: SH | I12: SH | M12: SH | Q12: SH | U12: SH | Y12: SH | AL12: SH | AN12: SH | AP12: TT | AR12: TT
A13: Machine | E13: QE+ | I13: QE+ | M13: QE+ | Q13: QE+ | U13: QE+ | Y13: QE+ | AL13: QE+ | AN13: QE+ | AP13: QE+ | AR13: QE+
A14: Folder | E14: 20160513_LacInfusion; 20160518_LacInfusion | I14: 20160513_LacInfusion; 20160518_LacInfusion | M14: 20160716_LacInfusion_M5 | Q14: 20160716_LacInfusion_M6 | U14: 20160730_LacInfusion | Y14: 20160818_LacInfusion | AL14: 20181022_TT_Glycerol | AN14: 20181022_TT_Glycerol | AP14: 20190106_Glycerol | AR14: 20190106_Glycerol
A16: Note | E16: SrTC4 | I16: SrTC5
B17: Mean | C17: SEM | D17: N
A18: Serum
A19: glucose | B19: =AVERAGE(E19/E$9,I19/I$9,AVERAGE(M19/M$9,N19/M$9),AVERAGE(Q19/Q$9,R19/Q$9),AVERAGE(U19/U$9,V19/U$9),AVERAGE(Y19/Y$9,Z19/Y$9)) -> 0.28711972 | C19: =STDEV(E19/E$9,I19/I$9,AVERAGE(M19/M$9,N19/M$9),AVERAGE(Q19/Q$9,R19/Q$9),AVERAGE(U19/U$9,V19/U$9),AVERAGE(Y19/Y$9,Z19/Y$9))/SQRT(D19) -> 0.038587616 | D19: 6 | E19: 0.040981 | I19: 0.027544 | M19: 0.030395 | N19: 0.019567 | Q19: 0.03937 | R19: 0.037457 | U19: 0.081 | V19: 0.068826 | Y19: 0.057162 | Z19: 0.055181
A20: lactate | B20: =AVERAGE(E20/E$9,I20/I$9,AVERAGE(M20/M$9,N20/M$9),AVERAGE(Q20/Q$9,R20/Q$9),AVERAGE(U20/U$9,V20/U$9),AVERAGE(Y20/Y$9,Z20/Y$9))*F8 -> 1 | C20: =STDEV(E20/E$9,I20/I$9,AVERAGE(M20/M$9,N20/M$9),AVERAGE(Q20/Q$9,R20/Q$9),AVERAGE(U20/U$9,V20/U$9),AVERAGE(Y20/Y$9,Z20/Y$9))/SQRT(D20)*F8 -> 5.0907085e-17 | D20: 6 | E20: 0.11383 | I20: 0.094429 | M20: 0.089461 | N20: 0.079488 | Q20: 0.09643 | R20: 0.10837 | U20: 0.13028 | V20: 0.12952 | Y20: 0.085361 | Z20: 0.10229
A21: glutamine | B21: =AVERAGE(E21/E$9,I21/I$9,AVERAGE(M21/M$9,N21/M$9),AVERAGE(Q21/Q$9,R21/Q$9),AVERAGE(U21/U$9,V21/U$9),AVERAGE(Y21/Y$9,Z21/Y$9)) -> 0.24343369 | C21: =STDEV(E21/E$9,I21/I$9,AVERAGE(M21/M$9,N21/M$9),AVERAGE(Q21/Q$9,R21/Q$9),AVERAGE(U21/U$9,V21/U$9),AVERAGE(Y21/Y$9,Z21/Y$9))/SQRT(D21) -> 0.01598167 | D21: 6 | E21: 0.03406 | I21: 0.032052 | M21: 0.038582 | N21: 0.037916 | Q21: 0.038102 | R21: 0.038364 | U21: 0.040298 | V21: 0.038014 | Y21: 0.032419 | Z21: 0.033566
A22: alanine | B22: =AVERAGE(E22/E$9,I22/I$9,AVERAGE(M22/M$9,N22/M$9),AVERAGE(Q22/Q$9,R22/Q$9),AVERAGE(U22/U$9,V22/U$9),AVERAGE(Y22/Y$9,Z22/Y$9)) -> 0.57315638 | C22: =STDEV(E22/E$9,I22/I$9,AVERAGE(M22/M$9,N22/M$9),AVERAGE(Q22/Q$9,R22/Q$9),AVERAGE(U22/U$9,V22/U$9),AVERAGE(Y22/Y$9,Z22/Y$9))/SQRT(D22) -> 0.077682825 | D22: 6 | E22: 0.060884 | I22: 0.049816 | M22: 0.084355 | N22: 0.062813 | Q22: 0.091882 | R22: 0.087202 | U22: 0.11697 | V22: 0.11956 | Y22: 0.11674 | Z22: 0.12122
A23: 3-hydroxybutyrate | B23: =AVERAGE(AVERAGE(M23/M$9,N23/M$9),AVERAGE(Q23/Q$9,R23/Q$9),AVERAGE(U23/U$9,V23/U$9),AVERAGE(Y23/Y$9,Z23/Y$9)) -> 0.010355966 | C23: =STDEV(AVERAGE(M23/M$9,N23/M$9),AVERAGE(Q23/Q$9,R23/Q$9),AVERAGE(U23/U$9,V23/U$9),AVERAGE(Y23/Y$9,Z23/Y$9))/SQRT(D23) -> 0.003187904 | D23: 4 | M23: 0.0018171 | N23: 0.0030172 | Q23: 0.0020372 | R23: 0.00025429 | U23: 0.00091815 | V23: 0.0011589 | Y23: 0.0012587 | Z23: 0.0010432
A24: palmitic acid | B24: =AVERAGE(AVERAGE(M24/M$9,N24/M$9),AVERAGE(Q24/Q$9,R24/Q$9),AVERAGE(U24/U$9,V24/U$9),AVERAGE(Y24/Y$9,Z24/Y$9)) -> 0.0012146902 | C24: =STDEV(AVERAGE(M24/M$9,N24/M$9),AVERAGE(Q24/Q$9,R24/Q$9),AVERAGE(U24/U$9,V24/U$9),AVERAGE(Y24/Y$9,Z24/Y$9))/SQRT(D24) -> 0.0012146902 | D24: 4 | M24: 0.00024255 | N24: 0.00094773 | Q24: 0 | R24: 0 | U24: 0 | V24: 0 | Y24: 0 | Z24: 0
A25: oleic acid | B25: =AVERAGE(AVERAGE(M25/M$9,N25/M$9),AVERAGE(Q25/Q$9,R25/Q$9),AVERAGE(U25/U$9,V25/U$9),AVERAGE(Y25/Y$9,Z25/Y$9)) -> 0.00028767448 | C25: =STDEV(AVERAGE(M25/M$9,N25/M$9),AVERAGE(Q25/Q$9,R25/Q$9),AVERAGE(U25/U$9,V25/U$9),AVERAGE(Y25/Y$9,Z25/Y$9))/SQRT(D25) -> 6.5915725e-05 | D25: 4 | M25: 0.0001063 | N25: 0 | Q25: 0 | R25: 8.672e-05 | U25: 0 | V25: 4.291e-05 | Y25: 5.235e-05 | Z25: 3.2229e-05
A26: linoleic acid | B26: =AVERAGE(AVERAGE(M26/M$9,N26/M$9),AVERAGE(Q26/Q$9,R26/Q$9),AVERAGE(U26/U$9,V26/U$9),AVERAGE(Y26/Y$9,Z26/Y$9)) -> 0 | C26: =STDEV(AVERAGE(M26/M$9,N26/M$9),AVERAGE(Q26/Q$9,R26/Q$9),AVERAGE(U26/U$9,V26/U$9),AVERAGE(Y26/Y$9,Z26/Y$9))/SQRT(D26) -> 0 | D26: 4 | M26: 0 | N26: 0 | Q26: 0 | R26: 0 | U26: 0 | V26: 0 | Y26: 0 | Z26: 0
A27: serine | B27: =AVERAGE(E27/E$9,I27/I$9,AVERAGE(M27/M$9,N27/M$9),AVERAGE(Q27/Q$9,R27/Q$9),AVERAGE(U27/U$9,V27/U$9),AVERAGE(Y27/Y$9,Z27/Y$9)) -> 0.052723546 | C27: =STDEV(E27/E$9,I27/I$9,AVERAGE(M27/M$9,N27/M$9),AVERAGE(Q27/Q$9,R27/Q$9),AVERAGE(U27/U$9,V27/U$9),AVERAGE(Y27/Y$9,Z27/Y$9))/SQRT(D27) -> 0.0041674722 | D27: 6 | E27: 0.0079169 | I27: 0.0067025 | M27: 0.0067285 | N27: 0.0058162 | Q27: 0.0066556 | R27: 0.0054028 | U27: 0.010996 | V27: 0.010521 | Y27: 0.0081795 | Z27: 0.011001
A28: glycine | B28: =AVERAGE(AVERAGE(M28/M$9,N28/M$9),AVERAGE(Q28/Q$9,R28/Q$9),AVERAGE(U28/U$9,V28/U$9),AVERAGE(Y28/Y$9,Z28/Y$9)) -> 0.01342871 | C28: =STDEV(AVERAGE(M28/M$9,N28/M$9),AVERAGE(Q28/Q$9,R28/Q$9),AVERAGE(U28/U$9,V28/U$9),AVERAGE(Y28/Y$9,Z28/Y$9))/SQRT(D28) -> 0.0020141691 | D28: 4 | M28: 0.0026073 | N28: 0.0014425 | Q28: 0.0019928 | R28: 0.0018544 | U28: 0.0019822 | V28: 0.00099698 | Y28: 0.0022628 | Z28: 0.0021777
A29: citrate | B29: =AVERAGE(E29/E$9,I29/I$9,AVERAGE(M29/M$9,N29/M$9),AVERAGE(Q29/Q$9,R29/Q$9),AVERAGE(U29/U$9,V29/U$9),AVERAGE(Y29/Y$9,Z29/Y$9)) -> 0.20216049 | C29: =STDEV(E29/E$9,I29/I$9,AVERAGE(M29/M$9,N29/M$9),AVERAGE(Q29/Q$9,R29/Q$9),AVERAGE(U29/U$9,V29/U$9),AVERAGE(Y29/Y$9,Z29/Y$9))/SQRT(D29) -> 0.031065465 | D29: 6 | E29: 0.017463 | I29: 0.020878 | M29: 0.039097 | N29: 0.037638 | Q29: 0.039832 | R29: 0.036941 | U29: 0.029752 | V29: 0.032212 | Y29: 0.02853 | Z29: 0.030903
A30: acetate | B30: =AVERAGE(AE30/AE9,AF30/AF9,AG30/AG9) -> 0.11511102 | C30: =STDEV(AE30/AE9,AF30/AF9,AG30/AG9)/SQRT(D30) -> 0.014552898 | D30: 3 | AE30: 0.01608891 | AF30: 0.022989889 | AG30: 0.018311272
A31: glycerol | B31: =AVERAGE(AL31/AL9,AN31/AN9,AP31/AP9,AR31/AR9) -> 0.073333447 | C31: =STDEV(AL31/AL9,AN31/AN9,AP31/AP9,AR31/AR9)/SQRT(D31) -> 0.0066709797 | D31: 4 | AL31: 0.012236 | AN31: 0.012612 | AP31: 0.012134 | AR31: 0.010366
A32: BCAAs | B32: =AVERAGE(E32/E$9,I32/I$9,AVERAGE(M32/M$9,N32/M$9),AVERAGE(Q32/Q$9,R32/Q$9),AVERAGE(U32/U$9,V32/U$9),AVERAGE(Y32/Y$9,Z32/Y$9)) -> 0 | C32: =STDEV(E32/E$9,I32/I$9,AVERAGE(M32/M$9,N32/M$9),AVERAGE(Q32/Q$9,R32/Q$9),AVERAGE(U32/U$9,V32/U$9),AVERAGE(Y32/Y$9,Z32/Y$9))/SQRT(D32) -> 0 | D32: 6 | E32: 0 | I32: 0 | M32: 0 | N32: 0 | Q32: 0 | R32: 0 | U32: 0 | V32: 0 | Y32: 0 | Z32: 0
A33: 6AAs | B33: =AVERAGE(E33/E$9,I33/I$9,AVERAGE(M33/M$9,N33/M$9),AVERAGE(Q33/Q$9,R33/Q$9),AVERAGE(U33/U$9,V33/U$9),AVERAGE(Y33/Y$9,Z33/Y$9)) -> 0 | C33: =STDEV(E33/E$9,I33/I$9,AVERAGE(M33/M$9,N33/M$9),AVERAGE(Q33/Q$9,R33/Q$9),AVERAGE(U33/U$9,V33/U$9),AVERAGE(Y33/Y$9,Z33/Y$9))/SQRT(D33) -> 0 | D33: 6 | E33: 0 | I33: 0 | M33: 0 | N33: 0 | Q33: 0 | R33: 0 | U33: 0 | V33: 0 | Y33: 0 | Z33: 0
A36: Tissue malate
A37: Brain | B37: =AVERAGE(AVERAGE(E37/E$9,F37/E$9),AVERAGE(I37/I$9,J37/I$9),AVERAGE(M37/M$9,N37/M$9),AVERAGE(Q37/Q$9,R37/Q$9),AVERAGE(U37/U$9,V37/U$9),AVERAGE(Y37/Y$9,Z37/Y$9)) -> 0.35816666 | C37: =STDEV(AVERAGE(E37/E$9,F37/E$9),AVERAGE(I37/I$9,J37/I$9),AVERAGE(M37/M$9,N37/M$9),AVERAGE(Q37/Q$9,R37/Q$9),AVERAGE(U37/U$9,V37/U$9),AVERAGE(Y37/Y$9,Z37/Y$9))/SQRT(D37) -> 0.024253984 | D37: 6 | E37: 0.058936 | F37: 0.059614 | I37: 0.043775 | J37: 0.044195 | M37: 0.036195 | N37: 0.037847 | Q37: 0.044719 | R37: 0.047083 | U37: 0.074836 | V37: 0.07899 | Y37: 0.061182 | Z37: 0.060964
A38: Muscle | B38: =AVERAGE(AVERAGE(E38/E$9,F38/E$9),AVERAGE(I38/I$9,J38/I$9),AVERAGE(M38/M$9,N38/M$9),AVERAGE(Q38/Q$9,R38/Q$9),AVERAGE(U38/U$9,V38/U$9),AVERAGE(Y38/Y$9,Z38/Y$9)) -> 0.27843329 | C38: =STDEV(AVERAGE(E38/E$9,F38/E$9),AVERAGE(I38/I$9,J38/I$9),AVERAGE(M38/M$9,N38/M$9),AVERAGE(Q38/Q$9,R38/Q$9),AVERAGE(U38/U$9,V38/U$9),AVERAGE(Y38/Y$9,Z38/Y$9))/SQRT(D38) -> 0.020357756 | D38: 6 | E38: 0.043728 | F38: 0.041808 | I38: 0.039594 | J38: 0.039046 | M38: 0.046485 | N38: 0.043594 | Q38: 0.039371 | R38: 0.045966 | U38: 0.042945 | V38: 0.042842 | Y38: 0.029375 | Z38: 0.036339
A39: Kidney | B39: =AVERAGE(AVERAGE(E39/E$9,F39/E$9),AVERAGE(I39/I$9,J39/I$9),AVERAGE(M39/M$9,N39/M$9),AVERAGE(Q39/Q$9,R39/Q$9),AVERAGE(U39/U$9,V39/U$9),AVERAGE(Y39/Y$9,Z39/Y$9)) -> 0.3730773 | C39: =STDEV(AVERAGE(E39/E$9,F39/E$9),AVERAGE(I39/I$9,J39/I$9),AVERAGE(M39/M$9,N39/M$9),AVERAGE(Q39/Q$9,R39/Q$9),AVERAGE(U39/U$9,V39/U$9),AVERAGE(Y39/Y$9,Z39/Y$9))/SQRT(D39) -> 0.02702531 | D39: 6 | E39: 0.058874 | F39: 0.062732 | I39: 0.053293 | J39: 0.05078 | M39: 0.057161 | N39: 0.060099 | Q39: 0.05151 | R39: 0.051779 | U39: 0.052945 | V39: 0.050327 | Y39: 0.052189 | Z39: 0.053768
A40: Liver | B40: =AVERAGE(AVERAGE(E40/E$9,F40/E$9),AVERAGE(I40/I$9,J40/I$9),AVERAGE(M40/M$9,N40/M$9),AVERAGE(Q40/Q$9,R40/Q$9),AVERAGE(U40/U$9,V40/U$9),AVERAGE(Y40/Y$9,Z40/Y$9)) -> 0.28632992 | C40: =STDEV(AVERAGE(E40/E$9,F40/E$9),AVERAGE(I40/I$9,J40/I$9),AVERAGE(M40/M$9,N40/M$9),AVERAGE(Q40/Q$9,R40/Q$9),AVERAGE(U40/U$9,V40/U$9),AVERAGE(Y40/Y$9,Z40/Y$9))/SQRT(D40) -> 0.019785716 | D40: 6 | E40: 0.043587 | F40: 0.042396 | I40: 0.03654 | J40: 0.036418 | M40: 0.035329 | N40: 0.033595 | Q40: 0.03407 | R40: 0.041012 | U40: 0.051558 | V40: 0.051567 | Y40: 0.052997 | Z40: 0.051256
A41: Spleen | B41: =AVERAGE(AVERAGE(E41/E$9,F41/E$9),AVERAGE(I41/I$9,J41/I$9),AVERAGE(M41/M$9,N41/M$9),AVERAGE(Q41/Q$9,R41/Q$9),AVERAGE(U41/U$9,V41/U$9),AVERAGE(Y41/Y$9,Z41/Y$9)) -> 0.22546748 | C41: =STDEV(AVERAGE(E41/E$9,F41/E$9),AVERAGE(I41/I$9,J41/I$9),AVERAGE(M41/M$9,N41/M$9),AVERAGE(Q41/Q$9,R41/Q$9),AVERAGE(U41/U$9,V41/U$9),AVERAGE(Y41/Y$9,Z41/Y$9))/SQRT(D41) -> 0.028556907 | D41: 6 | E41: 0.033223 | F41: 0.031231 | I41: 0.032098 | J41: 0.031881 | M41: 0.043454 | N41: 0.042187 | Q41: 0.033879 | R41: 0.034469 | U41: 0.025657 | V41: 0.026235 | Y41: 0.027796 | Z41: 0.02837
A42: Skin | B42: NaN | C42: NaN | D42: 0
A43: Pancreas | B43: =AVERAGE(AVERAGE(E43/E$9,F43/E$9),AVERAGE(I43/I$9,J43/I$9),AVERAGE(M43/M$9,N43/M$9),AVERAGE(Q43/Q$9,R43/Q$9),AVERAGE(U43/U$9,V43/U$9),AVERAGE(Y43/Y$9,Z43/Y$9)) -> 0.27603439 | C43: =STDEV(AVERAGE(E43/E$9,F43/E$9),AVERAGE(I43/I$9,J43/I$9),AVERAGE(M43/M$9,N43/M$9),AVERAGE(Q43/Q$9,R43/Q$9),AVERAGE(U43/U$9,V43/U$9),AVERAGE(Y43/Y$9,Z43/Y$9))/SQRT(D43) -> 0.023036349 | D43: 6 | E43: 0.044923 | F43: 0.044223 | I43: 0.030902 | J43: 0.031412 | M43: 0.037335 | N43: 0.036907 | Q43: 0.054299 | R43: 0.052856 | U43: 0.038371 | V43: 0.038033 | Y43: 0.039589 | Z43: 0.039831
A44: Lung | B44: =AVERAGE(AVERAGE(E44/E$9,F44/E$9),AVERAGE(I44/I$9,J44/I$9),AVERAGE(M44/M$9,N44/M$9),AVERAGE(Q44/Q$9,R44/Q$9),AVERAGE(U44/U$9,V44/U$9),AVERAGE(Y44/Y$9,Z44/Y$9)) -> 0.27819317 | C44: =STDEV(AVERAGE(E44/E$9,F44/E$9),AVERAGE(I44/I$9,J44/I$9),AVERAGE(M44/M$9,N44/M$9),AVERAGE(Q44/Q$9,R44/Q$9),AVERAGE(U44/U$9,V44/U$9),AVERAGE(Y44/Y$9,Z44/Y$9))/SQRT(D44) -> 0.021525989 | D44: 6 | E44: 0.043672 | F44: 0.049805 | I44: 0.041878 | J44: 0.041161 | M44: 0.041398 | N44: 0.041251 | Q44: 0.044078 | R44: 0.041819 | U44: 0.050353 | V44: 0.053622 | Y44: 0.049008
A45: Heart | B45: =AVERAGE(AVERAGE(E45/E$9,F45/E$9),AVERAGE(I45/I$9,J45/I$9),AVERAGE(M45/M$9,N45/M$9),AVERAGE(Q45/Q$9,R45/Q$9),AVERAGE(U45/U$9,V45/U$9),AVERAGE(Y45/Y$9,Z45/Y$9)) -> 0.2263371 | C45: =STDEV(AVERAGE(E45/E$9,F45/E$9),AVERAGE(I45/I$9,J45/I$9),AVERAGE(M45/M$9,N45/M$9),AVERAGE(Q45/Q$9,R45/Q$9),AVERAGE(U45/U$9,V45/U$9),AVERAGE(Y45/Y$9,Z45/Y$9))/SQRT(D45) -> 0.024551151 | D45: 6 | E45: 0.040445 | F45: 0.040736 | I45: 0.030616 | J45: 0.030059 | M45: 0.039936 | N45: 0.040404 | Q45: 0.026612 | R45: 0.02617 | U45: 0.029241 | V45: 0.029433 | Y45: 0.030139 | Z45: 0.032194
A46: gWAT | B46: =AVERAGE(M46/M$9,Q46/Q$9,U46/U$9,Y46/Y$9) -> 0.24243186 | C46: =STDEV(M46/M$9,Q46/Q$9,U46/U$9,Y46/Y$9)/SQRT(D46) -> 0.02627428 | D46: 4 | M46: 0.038414 | Q46: 0.03516 | U46: 0.035201 | Y46: 0.031621
A47: iWAT | B47: =AVERAGE(N47/M$9,R47/Q$9,V47/U$9,Z47/Y$9) -> 0.22277835 | C47: =STDEV(N47/M$9,R47/Q$9,V47/U$9,Z47/Y$9)/SQRT(D47) -> 0.013239582 | D47: 4 | N47: 0.028898 | R47: 0.036521 | V47: 0.034934 | Z47: 0.030441
A48: Small intestine | B48: =AVERAGE(AVERAGE(E48/E$9,F48/E$9),AVERAGE(I48/I$9,J48/I$9),AVERAGE(M48/M$9,N48/M$9),AVERAGE(Q48/Q$9,R48/Q$9),AVERAGE(U48/U$9,V48/U$9),AVERAGE(Y48/Y$9,Z48/Y$9)) -> 0.27001266 | C48: =STDEV(AVERAGE(E48/E$9,F48/E$9),AVERAGE(I48/I$9,J48/I$9),AVERAGE(M48/M$9,N48/M$9),AVERAGE(Q48/Q$9,R48/Q$9),AVERAGE(U48/U$9,V48/U$9),AVERAGE(Y48/Y$9,Z48/Y$9))/SQRT(D48) -> 0.037546749 | D48: 6 | E48: 0.025944 | F48: 0.028981 | I48: 0.034622 | J48: 0.024924 | M48: 0.052268 | N48: 0.049858 | Q48: 0.050819 | R48: 0.048539 | U48: 0.03928 | V48: 0.041629 | Y48: 0.034156 | Z48: 0.03931
A49: Brown fat | B49: =AVERAGE(N49/M$9,R49/Q$9,V49/U$9,Z49/Y$9) -> 0.22541712 | C49: =STDEV(N49/M$9,R49/Q$9,V49/U$9,Z49/Y$9)/SQRT(D49) -> 0.02718974 | D49: 4 | N49: 0.036472 | R49: 0.027922 | V49: 0.033787 | Z49: 0.032172
A50: Stomach | B50: NaN | C50: NaN | D50: 0
A51: Bone | B51: NaN | C51: NaN | D51: 0
A53: Tissue succinate
A54: Brain | B54: =AVERAGE(AVERAGE(E54/E$9,F54/E$9),AVERAGE(I54/I$9,J54/I$9),AVERAGE(M54/M$9,N54/M$9),AVERAGE(Q54/Q$9,R54/Q$9),AVERAGE(U54/U$9,V54/U$9),AVERAGE(Y54/Y$9,Z54/Y$9)) -> 0.35843218 | C54: =STDEV(AVERAGE(E54/E$9,F54/E$9),AVERAGE(I54/I$9,J54/I$9),AVERAGE(M54/M$9,N54/M$9),AVERAGE(Q54/Q$9,R54/Q$9),AVERAGE(U54/U$9,V54/U$9),AVERAGE(Y54/Y$9,Z54/Y$9))/SQRT(D54) -> 0.023398857 | D54: 6 | E54: 0.05846 | F54: 0.059032 | I54: 0.04421 | J54: 0.045603 | M54: 0.038127 | N54: 0.036491 | Q54: 0.044375 | R54: 0.046972 | U54: 0.07557 | V54: 0.079205 | Y54: 0.060198 | Z54: 0.060514
A55: Muscle | B55: =AVERAGE(AVERAGE(E55/E$9,F55/E$9),AVERAGE(I55/I$9,J55/I$9),AVERAGE(M55/M$9,N55/M$9),AVERAGE(Q55/Q$9,R55/Q$9),AVERAGE(U55/U$9,V55/U$9),AVERAGE(Y55/Y$9,Z55/Y$9)) -> 0.27516619 | C55: =STDEV(AVERAGE(E55/E$9,F55/E$9),AVERAGE(I55/I$9,J55/I$9),AVERAGE(M55/M$9,N55/M$9),AVERAGE(Q55/Q$9,R55/Q$9),AVERAGE(U55/U$9,V55/U$9),AVERAGE(Y55/Y$9,Z55/Y$9))/SQRT(D55) -> 0.022587702 | D55: 6 | E55: 0.044032 | F55: 0.038165 | I55: 0.04065 | J55: 0.036859 | M55: 0.048009 | N55: 0.042174 | Q55: 0.041249 | R55: 0.04819 | U55: 0.041065 | V55: 0.040141 | Y55: 0.028584 | Z55: 0.035107
A56: Kidney | B56: =AVERAGE(AVERAGE(E56/E$9,F56/E$9),AVERAGE(I56/I$9,J56/I$9),AVERAGE(M56/M$9,N56/M$9),AVERAGE(Q56/Q$9,R56/Q$9),AVERAGE(U56/U$9,V56/U$9),AVERAGE(Y56/Y$9,Z56/Y$9)) -> 0.38280061 | C56: =STDEV(AVERAGE(E56/E$9,F56/E$9),AVERAGE(I56/I$9,J56/I$9),AVERAGE(M56/M$9,N56/M$9),AVERAGE(Q56/Q$9,R56/Q$9),AVERAGE(U56/U$9,V56/U$9),AVERAGE(Y56/Y$9,Z56/Y$9))/SQRT(D56) -> 0.03039479 | D56: 6 | E56: 0.066643 | F56: 0.066811 | I56: 0.054534 | J56: 0.051664 | M56: 0.058362 | N56: 0.062795 | Q56: 0.049847 | R56: 0.048675 | U56: 0.052296 | V56: 0.05117 | Y56: 0.05504 | Z56: 0.054813
A57: Liver | B57: =AVERAGE(AVERAGE(E57/E$9,F57/E$9),AVERAGE(I57/I$9,J57/I$9),AVERAGE(M57/M$9,N57/M$9),AVERAGE(Q57/Q$9,R57/Q$9),AVERAGE(U57/U$9,V57/U$9),AVERAGE(Y57/Y$9,Z57/Y$9)) -> 0.29996173 | C57: =STDEV(AVERAGE(E57/E$9,F57/E$9),AVERAGE(I57/I$9,J57/I$9),AVERAGE(M57/M$9,N57/M$9),AVERAGE(Q57/Q$9,R57/Q$9),AVERAGE(U57/U$9,V57/U$9),AVERAGE(Y57/Y$9,Z57/Y$9))/SQRT(D57) -> 0.017502643 | D57: 6 | E57: 0.05079 | F57: 0.045036 | I57: 0.037167 | J57: 0.036241 | M57: 0.033343 | N57: 0.033459 | Q57: 0.044313 | R57: 0.043023 | U57: 0.054393 | V57: 0.054787 | Y57: 0.051955 | Z57: 0.052748
A58: Spleen | B58: =AVERAGE(AVERAGE(E58/E$9,F58/E$9),AVERAGE(I58/I$9,J58/I$9),AVERAGE(M58/M$9,N58/M$9),AVERAGE(Q58/Q$9,R58/Q$9),AVERAGE(U58/U$9,V58/U$9),AVERAGE(Y58/Y$9,Z58/Y$9)) -> 0.21168849 | C58: =STDEV(AVERAGE(E58/E$9,F58/E$9),AVERAGE(I58/I$9,J58/I$9),AVERAGE(M58/M$9,N58/M$9),AVERAGE(Q58/Q$9,R58/Q$9),AVERAGE(U58/U$9,V58/U$9),AVERAGE(Y58/Y$9,Z58/Y$9))/SQRT(D58) -> 0.028960385 | D58: 6 | E58: 0.029773 | F58: 0.027593 | I58: 0.031791 | J58: 0.028953 | M58: 0.041742 | N58: 0.041507 | Q58: 0.032286 | R58: 0.031224 | U58: 0.024387 | V58: 0.02431 | Y58: 0.025389 | Z58: 0.026736
A59: Skin | B59: NaN | C59: NaN | D59: 0
A60: Pancreas | B60: =AVERAGE(AVERAGE(E60/E$9,F60/E$9),AVERAGE(I60/I$9,J60/I$9),AVERAGE(M60/M$9,N60/M$9),AVERAGE(Q60/Q$9,R60/Q$9),AVERAGE(U60/U$9,V60/U$9),AVERAGE(Y60/Y$9,Z60/Y$9)) -> 0.26118324 | C60: =STDEV(AVERAGE(E60/E$9,F60/E$9),AVERAGE(I60/I$9,J60/I$9),AVERAGE(M60/M$9,N60/M$9),AVERAGE(Q60/Q$9,R60/Q$9),AVERAGE(U60/U$9,V60/U$9),AVERAGE(Y60/Y$9,Z60/Y$9))/SQRT(D60) -> 0.021779131 | D60: 6 | E60: 0.041299 | F60: 0.040963 | I60: 0.029214 | J60: 0.030513 | M60: 0.034149 | N60: 0.035126 | Q60: 0.051705 | R60: 0.05127 | U60: 0.037361 | V60: 0.036425 | Y60: 0.036411 | Z60: 0.038246
A61: Lung | B61: =AVERAGE(AVERAGE(E61/E$9,F61/E$9),AVERAGE(I61/I$9,J61/I$9),AVERAGE(M61/M$9,N61/M$9),AVERAGE(Q61/Q$9,R61/Q$9),AVERAGE(U61/U$9,V61/U$9),AVERAGE(Y61/Y$9,Z61/Y$9)) -> 0.21269074 | C61: =STDEV(AVERAGE(E61/E$9,F61/E$9),AVERAGE(I61/I$9,J61/I$9),AVERAGE(M61/M$9,N61/M$9),AVERAGE(Q61/Q$9,R61/Q$9),AVERAGE(U61/U$9,V61/U$9),AVERAGE(Y61/Y$9,Z61/Y$9))/SQRT(D61) -> 0.023110749 | D61: 6 | E61: 0.033048 | F61: 0.04195 | I61: 0.032131 | J61: 0.031013 | M61: 0.034554 | N61: 0.034884 | Q61: 0.031554 | R61: 0.030059 | U61: 0.038136 | V61: 0.043584 | Y61: 0.030069
A62: Heart | B62: =AVERAGE(AVERAGE(E62/E$9,F62/E$9),AVERAGE(I62/I$9,J62/I$9),AVERAGE(M62/M$9,N62/M$9),AVERAGE(Q62/Q$9,R62/Q$9),AVERAGE(U62/U$9,V62/U$9),AVERAGE(Y62/Y$9,Z62/Y$9)) -> 0.23125104 | C62: =STDEV(AVERAGE(E62/E$9,F62/E$9),AVERAGE(I62/I$9,J62/I$9),AVERAGE(M62/M$9,N62/M$9),AVERAGE(Q62/Q$9,R62/Q$9),AVERAGE(U62/U$9,V62/U$9),AVERAGE(Y62/Y$9,Z62/Y$9))/SQRT(D62) -> 0.027125771 | D62: 6 | E62: 0.044421 | F62: 0.043086 | I62: 0.031366 | J62: 0.030828 | M62: 0.041807 | N62: 0.040861 | Q62: 0.026674 | R62: 0.025769 | U62: 0.028816 | V62: 0.027587 | Y62: 0.031045 | Z62: 0.031952
A63: gWAT | B63: =AVERAGE(M63/M$9,Q63/Q$9,U63/U$9,Y63/Y$9) -> 0.25263445 | C63: =STDEV(M63/M$9,Q63/Q$9,U63/U$9,Y63/Y$9)/SQRT(D63) -> 0.021689421 | D63: 4 | M63: 0.037535 | Q63: 0.037016 | U63: 0.037733 | Y63: 0.03462
A64: iWAT | B64: =AVERAGE(N64/M$9,R64/Q$9,V64/U$9,Z64/Y$9) -> 0.24066073 | C64: =STDEV(N64/M$9,R64/Q$9,V64/U$9,Z64/Y$9)/SQRT(D64) -> 0.021320774 | D64: 4 | N64: 0.035283 | R64: 0.028681 | V64: 0.041228 | Z64: 0.035718
A65: Small intestine | B65: =AVERAGE(AVERAGE(E65/E$9,F65/E$9),AVERAGE(I65/I$9,J65/I$9),AVERAGE(M65/M$9,N65/M$9),AVERAGE(Q65/Q$9,R65/Q$9),AVERAGE(U65/U$9,V65/U$9),AVERAGE(Y65/Y$9,Z65/Y$9)) -> 0.24948937 | C65: =STDEV(AVERAGE(E65/E$9,F65/E$9),AVERAGE(I65/I$9,J65/I$9),AVERAGE(M65/M$9,N65/M$9),AVERAGE(Q65/Q$9,R65/Q$9),AVERAGE(U65/U$9,V65/U$9),AVERAGE(Y65/Y$9,Z65/Y$9))/SQRT(D65) -> 0.040023499 | D65: 6 | E65: 0.022066 | F65: 0.024865 | I65: 0.030183 | J65: 0.021301 | M65: 0.051454 | N65: 0.044946 | Q65: 0.050487 | R65: 0.050416 | U65: 0.034579 | V65: 0.036027 | Y65: 0.033345 | Z65: 0.033601
A66: Brown fat | B66: =AVERAGE(N66/M$9,R66/Q$9,V66/U$9,Z66/Y$9) -> 0.21922696 | C66: =STDEV(N66/M$9,R66/Q$9,V66/U$9,Z66/Y$9)/SQRT(D66) -> 0.034511313 | D66: 4 | N66: 0.038403 | R66: 0.025741 | V66: 0.030593 | Z66: 0.030964
A67: Stomach | B67: NaN | C67: NaN | D67: 0
A68: Bone | B68: NaN | C68: NaN | D68: 0
A81: When | E81: 42668 | I81: 42675 | M81: 42675 | Q81: 42688 | U81: 42688
A82: Who | E82: SH | I82: SH | M82: SH | Q82: SH | U82: SH | Y82: TT | AC82: TT | AG82: TT | AL82: ZZ | AN82: ZZ | AP82: ZZ | AT82: LW | AW82: LW | AZ82: LW
A83: Mouse | E83: M2 | I83: M1 | M83: M2 | Q83: M3 | U83: M4 | Y83: Lact2 | AC83: Lact3 | AG83: lact1 | AL83: LAC1 | AN83: LAC2 | AP83: LAC3 | AT83: Tara-181228-Fed-Lac-t2 | AW83: 190204-Fed-Lac2-t2 | AZ83: Tara-20190204-FedLac3-t2
A84: State | E84: refed | I84: refed | M84: refed | Q84: refed | U84: refed | Y84: refed | AC84: fed | AG84: refed | AL84: refed | AN84: refed | AP84: refed | AT84: refed | AW84: refed | AZ84: refed
A85: Infusate | E85: [U-13C]sodium lactate | I85: [U-13C]sodium lactate | M85: [U-13C]sodium lactate | Q85: [U-13C]sodium lactate | U85: [U-13C]sodium lactate | Y85: [U-13C]sodium lactate | AC85: [U-13C]sodium lactate | AG85: [U-13C]sodium lactate | AL85: [U-13C]sodium lactate | AN85: [U-13C]sodium lactate | AP85: [U-13C]sodium lactate | AT85: [U-13C]sodium lactate | AW85: [U-13C]sodium lactate | AZ85: [U-13C]sodium lactate
A86: Concentration (mM) | E86: 390 | F86: 0.04 | I86: 390 | J86: 0.04 | M86: 390 | N86: 0.04 | Q86: 390 | R86: 0.04 | U86: 390 | V86: 0.04 | AL86: 490 | AM86: 0.05 | AN86: 490 | AO86: 0.05 | AP86: 490 | AQ86: 0.05 | AT86: 245 | AU86: 0.025 | AW86: 245 | AX86: 0.025 | AZ86: 245 | BA86: 0.025
A87: Rate (µl/min/g) | E87: 0.1 | I87: 0.1 | M87: 0.1 | Q87: 0.1 | U87: 0.1 | AL87: 0.1 | AN87: 0.1 | AP87: 0.1 | AT87: 0.1 | AW87: 0.1 | AZ87: 0.1
A88: Enrichment | E88: =AVERAGE(0.037104878,0.041222327)*F88 -> 0.062661764 | F88: 1.6 | I88: =0.0449846010186477*J88 -> 0.071975362 | J88: 1.6 | M88: =0.0402622747647365*N88 -> 0.06441964 | N88: 1.6 | Q88: =AVERAGE(0.03733091,0.044717765)*R88 -> 0.06563894 | R88: 1.6 | U88: =AVERAGE(0.041583516,0.050003142)*V88 -> 0.073269326 | V88: 1.6 | Z88: 1.6 | AD88: 1.6 | AH88: 1.6 | AL88: =0.0813328125296895*AM88 -> 0.1301325 | AM88: 1.6 | AN88: =0.0974858370890752*AO88 -> 0.15597734 | AO88: 1.6 | AP88: =0.0605918304621002*AQ88 -> 0.096946929 | AQ88: 1.6 | AT88: =0.0405079915795374*AU88 -> 0.064812787 | AU88: 1.6 | AW88: =0.0478210215179456*AX88 -> 0.076513634 | AX88: 1.6 | AZ88: =0.0557214932087673*BA88 -> 0.089154389 | BA88: 1.6
A89: Avg. C enrichment | E89: =AVERAGE(E100:F100)*F88 -> 0.0724064 | I89: =I100*J88 -> 0.0877008 | M89: =M100*N88 -> 0.079088 | Q89: =AVERAGE(Q100:R100)*R88 -> 0.0774552 | U89: =AVERAGE(U100:V100)*V88 -> 0.0872816 | Y89: =Y100*Z88 -> 0.0885472 | AC89: =AC100*AD88 -> 0.0786784 | AG89: =AVERAGE(AG100:AH100)*AH88 -> 0.0684536 | AL89: =AL100*AM88 -> 0.1493504 | AN89: =AN100*AO88 -> 0.175152 | AP89: =AP100*AQ88 -> 0.1172512 | AT89: =AT100*AU88 -> 0.0809856 | AW89: =AW100*AX88 -> 0.095112 | AZ89: =AZ100*BA88 -> 0.108672
A90: Fcirc | E90: =E86*E87*(1-E88)/E88 -> 583.38912 | I90: =I86*I87*(1-I88)/I88 -> 502.85209 | M90: =M86*M87*(1-M88)/M88 -> 566.40544 | Q90: =Q86*Q87*(1-Q88)/Q88 -> 555.1595 | U90: =U86*U87*(1-U88)/U88 -> 493.28277 | AL90: =AL86*AL87*(1-AL88)/AL88 -> 327.5393 | AN90: =AN86*AN87*(1-AN88)/AN88 -> 265.1482 | AP90: =AP86*AP87*(1-AP88)/AP88 -> 456.43117 | AT90: =AT86*AT87*(1-AT88)/AT88 -> 353.51183 | AW90: =AW86*AW87*(1-AW88)/AW88 -> 295.70437 | AZ90: =AZ86*AZ87*(1-AZ88)/AZ88 -> 250.30419
A91: factor between Fcirc and Fcirc' | C91: =AVERAGE(E91:Y91) -> 0.82569197 | E91: =(1-E89)*E88/E89/(1-E88) -> 0.85642053 | I91: =(1-I89)*I88/I89/(1-I88) -> 0.80678551 | M91: =(1-M89)*M88/M89/(1-M88) -> 0.80176064 | Q91: =(1-Q89)*Q88/Q89/(1-Q88) -> 0.83672687 | U91: =(1-U89)*U88/U89/(1-U88) -> 0.8267663
A92: Who | E92: SH | I92: SH | M92: SH | Q92: SH | U92: SH | Y92: TT | AC92: TT | AG92: TT | AL92: ZZ | AN92: ZZ | AP92: ZZ | AT92: LW | AW92: LW | AZ92: LW
A93: Machine | E93: QE+ | I93: QE+ | M93: QE+ | Q93: QE+ | U93: QE+ | Y93: QE+ | AC93: QE+ | AG93: QE+ | AL93: QE+ | AN93: QE+ | AP93: QE+ | AT93: QE2 | AW93: QE2 | AZ93: QE2
A94: Folder | E94: 20161027_LacInfusion_fed | I94: 20161103_LacInfusion_fed | M94: 20161103_LacInfusion_fed | Q94: 20161115_LacInfusion_fed | U94: 20161115_LacInfusion_fed | Y94: 20190217-fed-lact2-3 | AC94: 20190217-fed-lact2-3 | AG94: 20181230-fed-ala-lact; 20181230-serum-24hglycerol-fedalalact (serum measurement); 20190106_Glycerol (glycerol measurement) | AL94: 20190427-refed-3hrs | AN94: 20190427-refed-3hrs | AP94: 20190427-refed-3hrs | AT94: 20190211-MALDI-serum-GlycerolKinase | AW94: 20190211-MALDI-serum-GlycerolKinase | AZ94: 20190211-MALDI-serum-GlycerolKinase
A96: Note | AN96: serum lactate enrichment is much lower than tissue lactate enrichment. use the portal vein enrichment instead
B97: Mean | C97: SEM | D97: N
A98: Serum
A99: glucose | B99: =AVERAGE(AVERAGE(E99/E$89,F99/E$89),I99/I$89,M99/M$89,AVERAGE(Q99/Q$89,R99/Q$89),AVERAGE(U99/U$89,V99/U$89),Y99/Y$89,AC99/AC$89,AVERAGE(AG99/AG$89,AH99/AG$89)) -> 0.18055056 | C99: =STDEV(AVERAGE(E99/E$89,F99/E$89),I99/I$89,M99/M$89,AVERAGE(Q99/Q$89,R99/Q$89),AVERAGE(U99/U$89,V99/U$89),Y99/Y$89,AC99/AC$89,AVERAGE(AG99/AG$89,AH99/AG$89))/SQRT(D99) -> 0.033587339 | D99: 8 | E99: 0.011952 | F99: 0.014673 | I99: 0.01385 | M99: 0.0092823 | Q99: 0.007543 | R99: 0.0076652 | U99: 0.010534 | V99: 0.010852 | Y99: 0.034865 | AC99: 0.017638 | AG99: 0.011647 | AH99: 0.0084301 | AL99: 0.023423 | AP99: 0.029722
A100: lactate | B100: =AVERAGE(AVERAGE(E100/E$89,F100/E$89),I100/I$89,M100/M$89,AVERAGE(Q100/Q$89,R100/Q$89),AVERAGE(U100/U$89,V100/U$89),Y100/Y$89,AC100/AC$89,AVERAGE(AG100/AG$89,AH100/AG$89))*F88 -> 1 | C100: =STDEV(AVERAGE(E100/E$89,F100/E$89),I100/I$89,M100/M$89,AVERAGE(Q100/Q$89,R100/Q$89),AVERAGE(U100/U$89,V100/U$89),Y100/Y$89,AC100/AC$89,AVERAGE(AG100/AG$89,AH100/AG$89))/SQRT(D100)*F88 -> 4.1114672e-17 | D100: 8 | E100: 0.040345 | F100: 0.050163 | I100: 0.054813 | M100: 0.04943 | Q100: 0.044813 | R100: 0.052006 | U100: 0.049385 | V100: 0.059717 | Y100: 0.055342 | AC100: 0.049174 | AG100: 0.03949 | AH100: 0.046077 | AL100: 0.093344 | AN100: 0.10947 | AP100: 0.073282 | AT100: 0.050616 | AW100: 0.059445 | AZ100: 0.06792
A101: glutamine | B101: =AVERAGE(AVERAGE(E101/E$89,F101/E$89),I101/I$89,M101/M$89,AVERAGE(Q101/Q$89,R101/Q$89),AVERAGE(U101/U$89,V101/U$89),Y101/Y$89,AC101/AC$89,AVERAGE(AG101/AG$89,AH101/AG$89)) -> 0.25455363 | C101: =STDEV(AVERAGE(E101/E$89,F101/E$89),I101/I$89,M101/M$89,AVERAGE(Q101/Q$89,R101/Q$89),AVERAGE(U101/U$89,V101/U$89),Y101/Y$89,AC101/AC$89,AVERAGE(AG101/AG$89,AH101/AG$89))/SQRT(D101) -> 0.027189506 | D101: 8 | E101: 0.014003 | F101: 0.016722 | I101: 0.014684 | M101: 0.013634 | Q101: 0.020224 | R101: 0.018687 | U101: 0.019127 | V101: 0.019977 | Y101: 0.027363 | AC101: 0.024454 | AG101: 0.025523 | AH101: 0.02779 | AL101: 0.036396 | AP101: 0.031277
A102: alanine | B102: =AVERAGE(AVERAGE(E102/E$89,F102/E$89),I102/I$89,M102/M$89,AVERAGE(Q102/Q$89,R102/Q$89),AVERAGE(U102/U$89,V102/U$89),Y102/Y$89,AC102/AC$89,AVERAGE(AG102/AG$89,AH102/AG$89)) -> 0.48732737 | C102: =STDEV(AVERAGE(E102/E$89,F102/E$89),I102/I$89,M102/M$89,AVERAGE(Q102/Q$89,R102/Q$89),AVERAGE(U102/U$89,V102/U$89),Y102/Y$89,AC102/AC$89,AVERAGE(AG102/AG$89,AH102/AG$89))/SQRT(D102) -> 0.026587595 | D102: 8 | E102: 0.033304 | F102: 0.038432 | I102: 0.043511 | M102: 0.033577 | Q102: 0.024656 | R102: 0.0303 | U102: 0.04255 | V102: 0.041977 | Y102: 0.052919 | AC102: 0.044299 | AG102: 0.019445 | AH102: 0.046669 | AL102: 0.063082 | AP102: 0.054486
A103: 3-hydroxybutyrate | B103: =AVERAGE(AVERAGE(E103/E$89,F103/E$89),I103/I$89,M103/M$89,AVERAGE(Q103/Q$89,R103/Q$89),AVERAGE(U103/U$89,V103/U$89),Y103/Y$89,AC103/AC$89,AVERAGE(AG103/AG$89,AH103/AG$89)) -> 0.01439621 | C103: =STDEV(AVERAGE(E103/E$89,F103/E$89),I103/I$89,M103/M$89,AVERAGE(Q103/Q$89,R103/Q$89),AVERAGE(U103/U$89,V103/U$89),Y103/Y$89,AC103/AC$89,AVERAGE(AG103/AG$89,AH103/AG$89))/SQRT(D103) -> 0.0079714714 | D103: 8 | E103: 0.00032591 | F103: 0.0013462 | I103: 0.00099878 | M103: 0.0015032 | Q103: 0.00040512 | R103: 0.00036097 | U103: 0.00012235 | V103: 0 | Y103: 0 | AC103: 0 | AG103: 0.0021304 | AH103: 0.007122 | AL103: NaN | AP103: NaN
A104: palmitic acid | B104: =AVERAGE(AVERAGE(E104/E$89,F104/E$89),I104/I$89,M104/M$89,AVERAGE(Q104/Q$89,R104/Q$89),AVERAGE(U104/U$89,V104/U$89),Y104/Y$89,AC104/AC$89,AVERAGE(AG104/AG$89,AH104/AG$89)) -> 0.00089237628 | C104: =STDEV(AVERAGE(E104/E$89,F104/E$89),I104/I$89,M104/M$89,AVERAGE(Q104/Q$89,R104/Q$89),AVERAGE(U104/U$89,V104/U$89),Y104/Y$89,AC104/AC$89,AVERAGE(AG104/AG$89,AH104/AG$89))/SQRT(D104) -> 0.00046340844 | D104: 8 | E104: 0 | F104: 0 | I104: 0 | M104: 8.8468e-06 | Q104: 0.00023492 | R104: 2.0075e-05 | U104: 2.8317e-05 | V104: 7.4201e-05 | Y104: 0 | AC104: 7.9573e-05 | AG104: 0.00013184 | AH104: 0.000386 | AL104: 6.1626e-05 | AP104: 0
A105: oleic acid | B105: =AVERAGE(AVERAGE(E105/E$89,F105/E$89),I105/I$89,M105/M$89,AVERAGE(Q105/Q$89,R105/Q$89),AVERAGE(U105/U$89,V105/U$89),Y105/Y$89,AC105/AC$89,AVERAGE(AG105/AG$89,AH105/AG$89)) -> 0.00059119932 | C105: =STDEV(AVERAGE(E105/E$89,F105/E$89),I105/I$89,M105/M$89,AVERAGE(Q105/Q$89,R105/Q$89),AVERAGE(U105/U$89,V105/U$89),Y105/Y$89,AC105/AC$89,AVERAGE(AG105/AG$89,AH105/AG$89))/SQRT(D105) -> 0.00048194942 | D105: 8 | E105: 0.00010006 | F105: 2.232e-05 | I105: 0 | M105: 0 | Q105: 0.00060175 | R105: 0 | U105: 0 | V105: 0 | Y105: 0 | AC105: 0 | AG105: 0 | AH105: 0 | AL105: 0 | AP105: 0
A106: linoleic acid | B106: =AVERAGE(AVERAGE(E106/E$89,F106/E$89),I106/I$89,M106/M$89,AVERAGE(Q106/Q$89,R106/Q$89),AVERAGE(U106/U$89,V106/U$89),Y106/Y$89,AC106/AC$89,AVERAGE(AG106/AG$89,AH106/AG$89)) -> 0.00035117527 | C106: =STDEV(AVERAGE(E106/E$89,F106/E$89),I106/I$89,M106/M$89,AVERAGE(Q106/Q$89,R106/Q$89),AVERAGE(U106/U$89,V106/U$89),Y106/Y$89,AC106/AC$89,AVERAGE(AG106/AG$89,AH106/AG$89))/SQRT(D106) -> 0.00035117527 | D106: 8 | E106: 0 | F106: 0 | I106: 0 | M106: 0.00022219 | Q106: 0 | R106: 0 | U106: 0 | V106: 0 | Y106: 0 | AC106: 0 | AG106: 0 | AH106: 0 | AL106: 0 | AP106: 0
A107: serine | B107: =AVERAGE(AVERAGE(E107/E$89,F107/E$89),I107/I$89,M107/M$89,AVERAGE(Q107/Q$89,R107/Q$89),AVERAGE(U107/U$89,V107/U$89),Y107/Y$89,AC107/AC$89,AVERAGE(AG107/AG$89,AH107/AG$89)) -> 0.014371063 | C107: =STDEV(AVERAGE(E107/E$89,F107/E$89),I107/I$89,M107/M$89,AVERAGE(Q107/Q$89,R107/Q$89),AVERAGE(U107/U$89,V107/U$89),Y107/Y$89,AC107/AC$89,AVERAGE(AG107/AG$89,AH107/AG$89))/SQRT(D107) -> 0.0040163824 | D107: 8 | E107: 0.0024174 | F107: 0.00111 | I107: 0.00082325 | M107: 0.00069375 | Q107: 0.00067186 | R107: 0.0024743 | U107: 0.0034966 | V107: 0.0016756 | Y107: 0 | AC107: 0 | AG107: 0.0011266 | AH107: 0.0019555 | AL107: 0 | AP107: 0.0010904
A108: glycine | B108: =AVERAGE(AVERAGE(E108/E$89,F108/E$89),I108/I$89,M108/M$89,AVERAGE(Q108/Q$89,R108/Q$89),AVERAGE(U108/U$89,V108/U$89),Y108/Y$89,AC108/AC$89,AVERAGE(AG108/AG$89,AH108/AG$89)) -> 0.023943602 | C108: =STDEV(AVERAGE(E108/E$89,F108/E$89),I108/I$89,M108/M$89,AVERAGE(Q108/Q$89,R108/Q$89),AVERAGE(U108/U$89,V108/U$89),Y108/Y$89,AC108/AC$89,AVERAGE(AG108/AG$89,AH108/AG$89))/SQRT(D108) -> 0.0098429661 | D108: 8 | E108: 0.0055664 | F108: 0.0055901 | I108: 0.0020909 | M108: 0.0043931 | Q108: 0 | R108: 0 | U108: 0.0018448 | V108: 0.00055441 | Y108: 0 | AC108: 0.00071225 | AG108: 0.0016871 | AH108: 0 | AL108: 0.0021726 | AP108: 0
A109: citrate | B109: =AVERAGE(AVERAGE(E109/E$89,F109/E$89),I109/I$89,M109/M$89,AVERAGE(Q109/Q$89,R109/Q$89),AVERAGE(U109/U$89,V109/U$89),Y109/Y$89,AC109/AC$89,AVERAGE(AG109/AG$89,AH109/AG$89)) -> 0.19602539 | C109: =STDEV(AVERAGE(E109/E$89,F109/E$89),I109/I$89,M109/M$89,AVERAGE(Q109/Q$89,R109/Q$89),AVERAGE(U109/U$89,V109/U$89),Y109/Y$89,AC109/AC$89,AVERAGE(AG109/AG$89,AH109/AG$89))/SQRT(D109) -> 0.013385392 | D109: 8 | E109: 0.01317 | F109: 0.014761 | I109: 0.013296 | M109: 0.012565 | Q109: 0.013255 | R109: 0.013481 | U109: 0.017639 | V109: 0.018017 | Y109: 0.016618 | AC109: 0.019068 | AG109: 0.015545 | AH109: 0.019773 | AL109: 0.015543 | AP109: 0.024156
A110: acetate | B110: =AVERAGE(AM110/AL$89,AO110/AN$89,AQ110/AP$89) -> 0.030099051 | C110: =STDEV(AM110/AL$89,AO110/AN$89,AQ110/AP$89)/SQRT(D110) -> 0.0092716538 | D110: 3 | AM110: 0.0032818682 | AO110: 0.003455048 | AQ110: 0.0056980414
A111: glycerol | B111: =AVERAGE(AVERAGE(AG111/AG89,AH111/AG89),AT111/AT89,AW111/AW89,AZ111/AZ89) -> 0.045508677 | C111: =STDEV(AVERAGE(AG111/AG89,AH111/AG89),AT111/AT89,AW111/AW89,AZ111/AZ89)/SQRT(D111) -> 0.0075987241 | D111: 4 | AG111: 0.0034546 | AH111: 0.0038484 | AT111: 0.0046048 | AW111: 0.0046166 | AZ111: 0.0025314
A112: BCAAs | B112: =AVERAGE(AVERAGE(E112/E$89,F112/E$89),I112/I$89,M112/M$89,AVERAGE(Q112/Q$89,R112/Q$89),AVERAGE(U112/U$89,V112/U$89),Y112/Y$89,AC112/AC$89,AVERAGE(AG112/AG$89,AH112/AG$89)) -> 0 | C112: =STDEV(AVERAGE(E112/E$89,F112/E$89),I112/I$89,M112/M$89,AVERAGE(Q112/Q$89,R112/Q$89),AVERAGE(U112/U$89,V112/U$89),Y112/Y$89,AC112/AC$89,AVERAGE(AG112/AG$89,AH112/AG$89))/SQRT(D112) -> 0 | D112: 8 | E112: 0 | F112: 0 | I112: 0 | M112: 0 | Q112: 0 | R112: 0 | U112: 0 | V112: 0 | Y112: 0 | AC112: 0 | AG112: 0 | AH112: 0 | AL112: 0 | AP112: 0
A113: 6AAs | B113: =AVERAGE(AVERAGE(E113/E$89,F113/E$89),I113/I$89,M113/M$89,AVERAGE(Q113/Q$89,R113/Q$89),AVERAGE(U113/U$89,V113/U$89),Y113/Y$89,AC113/AC$89,AVERAGE(AG113/AG$89,AH113/AG$89)) -> 0 | C113: =STDEV(AVERAGE(E113/E$89,F113/E$89),I113/I$89,M113/M$89,AVERAGE(Q113/Q$89,R113/Q$89),AVERAGE(U113/U$89,V113/U$89),Y113/Y$89,AC113/AC$89,AVERAGE(AG113/AG$89,AH113/AG$89))/SQRT(D113) -> 0 | D113: 8 | E113: 0 | F113: 0 | I113: 0 | M113: 0 | Q113: 0 | R113: 0 | U113: 0 | V113: 0 | Y113: 0 | AC113: 0 | AG113: 0 | AH113: 0 | AL113: 0 | AP113: 0
A116: Tissue malate
A117: Brain | B117: =AVERAGE(E117/E$89,I117/I$89,M117/M$89,Q117/Q$89,U117/U$89,Y117/Y$89,AC117/AC$89,AG117/AG$89) -> 0.25457765 | C117: =STDEV(E117/E$89,I117/I$89,M117/M$89,Q117/Q$89,U117/U$89,Y117/Y$89,AC117/AC$89,AG117/AG$89)/SQRT(D117) -> 0.021990433 | D117: 8 | E117: 0.017793 | I117: 0.018215 | M117: 0.015308 | Q117: 0.014568 | U117: 0.020035 | Y117: 0.027699 | AC117: 0.028003 | AG117: 0.02076
A118: Muscle | B118: =AVERAGE(E118/E$89,I118/I$89,M118/M$89,Q118/Q$89,U118/U$89,Y118/Y$89,AC118/AC$89,AG118/AG$89) -> 0.29735308 | C118: =STDEV(E118/E$89,I118/I$89,M118/M$89,Q118/Q$89,U118/U$89,Y118/Y$89,AC118/AC$89,AG118/AG$89)/SQRT(D118) -> 0.02552085 | D118: 8 | E118: 0.022278 | I118: 0.018606 | M118: 0.017764 | Q118: 0.023623 | R118: 0.025935 | U118: 0.023175 | V118: 0.028021 | Y118: 0.026947 | AC118: 0.03519 | AG118: 0.021377
A119: Kidney | B119: =AVERAGE(E119/E$89,I119/I$89,M119/M$89,Q119/Q$89,U119/U$89,Y119/Y$89,AC119/AC$89,AG119/AG$89) -> 0.52083547 | C119: =STDEV(E119/E$89,I119/I$89,M119/M$89,Q119/Q$89,U119/U$89,Y119/Y$89,AC119/AC$89,AG119/AG$89)/SQRT(D119) -> 0.070715017 | D119: 8 | E119: 0.029658 | I119: 0.026568 | M119: 0.02592 | Q119: 0.034357 | U119: 0.037602 | Y119: 0.062573 | AC119: 0.055994 | AG119: 0.057068
...

Sheet Glutamine
A1: When | E1: 42559 | I1: 42559 | M1: 42612 | Q1: 42853 | R1: 42853
A2: Who | E2: SH | I2: SH | M2: SH | Q2: SH | R2: SH | AA2: XZ | AB2: XZ | AC2: XZ | AL2: TT | AM2: TT | AO2: TT | AR2: TT
A3: Mouse | E3: M2 | I3: M8 | M3: M3 | Q3: MB1 | R3: MB3 | AL3: gln1 | AM3: gln2 | AO3: gln3 | AR3: gln4
A4: State | E4: fasted | I4: fasted | M4: fasted | Q4: fasted | R4: fasted | AA4: fasted | AB4: fasted | AC4: fasted | AL4: fasted | AM4: fasted | AO4: fasted | AR4: fasted
A5: Infusate | E5: [U-13C]glutamine | I5: [U-13C]glutamine | M5: [U-13C]glutamine | Q5: [U-13C]glutamine | R5: [U-13C]glutamine | AA5: [U-13C]glutamine | AB5: [U-13C]glutamine | AC5: [U-13C]glutamine | AL5: [U-13C]glutamine | AM5: [U-13C]glutamine | AO5: [U-13C]glutamine | AR5: [U-13C]glutamine
A6: Concentration (mM) | E6: 100 | I6: 100 | M6: 100 | Q6: 100 | R6: 100
A7: Rate (µl/min/g) | E7: 0.1 | I7: 0.1 | M7: 0.05 | Q7: 0.1 | R7: 0.1
A8: Enrichment | E8: =AVERAGE(0.182097949,0.183837019) -> 0.18296748 | I8: =AVERAGE(0.162929145,0.202314468) -> 0.18262181 | M8: =AVERAGE(0.084923728,0.094771736) -> 0.089847732 | Q8: 0.19248806 | R8: 0.18242513
A9: Avg C enrichment | E9: =AVERAGE(E21:F21) -> 0.189355 | I9: =AVERAGE(I21:J21) -> 0.189805 | M9: =AVERAGE(M21:N21) -> 0.092984 | Q9: =Q21 -> 0.19926 | R9: =R21 -> 0.18882 | AA9: 0.31796131 | AB9: 0.33888038 | AC9: 0.32346169 | AL9: 0.1878 | AM9: 0.18074 | AO9: 0.137 | AR9: 0.192
A10: Fcirc | E10: =E6*E7*(1-E8)/E8 -> 44.65452 | I10: =I6*I7*(1-I8)/I8 -> 44.757973 | M10: =M6*M7*(1-M8)/M8 -> 50.649707 | Q10: =Q6*Q7*(1-Q8)/Q8 -> 41.951273 | R10: =R6*R7*(1-R8)/R8 -> 44.817008
A11: factor between Fcirc and Fcirc' | C11: =AVERAGE(E11:R11) -> 0.95836848 | E11: =(1-E9)*E8/E9/(1-E8) -> 0.95871276 | I11: =(1-I9)*I8/I9/(1-I8) -> 0.95369937 | M11: =(1-M9)*M8/M9/(1-M8) -> 0.96294124 | Q11: =(1-Q9)*Q8/Q9/(1-Q8) -> 0.9579134 | R11: =(1-R9)*R8/R9/(1-R8) -> 0.95857562
A12: Who | E12: SH | I12: SH | M12: SH | Q12: SH | R12: SH | AL12: SH | AM12: SH | AP12: SH | AS12: SH
A13: Machine | E13: QE+ | I13: QE+ | M13: QE+ | Q13: QE+ | R13: QE+ | AL13: QE+ | AM13: QE+ | AP13: Exactive | AS13: Exactive
A14: Folder | E14: 20160709_GlnInfusion | I14: 20160709_GlnInfusion | M14: 20160831_GlnGlc5hr | Q14: 20170430_AsnGlnInfusion_serum | R14: 20170430_AsnGlnInfusion_serum | AL14: 20181022_TT_Glycerol | AM14: 20181022_TT_Glycerol | AP14: 20190725_Glycerolmeasurement | AS14: 20190725_Glycerolmeasurement
A16: Note | E16: two biological samples were run for each tissue | I16: two biological samples were run for each tissue | M16: two biological samples were run for each tissue | Q16: SrTC5 | R16: SrTC5
B17: Mean | C17: SEM | D17: N
A18: Serum
A19: glucose | B19: =AVERAGE(AVERAGE(E19/E$9,F19/E$9),AVERAGE(I19/I$9,J19/I$9),AVERAGE(M19/M$9,N19/M$9),Q19/Q$9,R19/R$9) -> 0.064880126 | C19: =STDEV(AVERAGE(E19/E$9,F19/E$9),AVERAGE(I19/I$9,J19/I$9),AVERAGE(M19/M$9,N19/M$9),Q19/Q$9,R19/R$9)/SQRT(D19) -> 0.0077764139 | D19: 5 | E19: 0.011453 | F19: 0.013972 | I19: 0.0087697 | J19: 0.0095544 | M19: 0.0045368 | N19: 0.0048688 | Q19: 0.018277 | R19: 0.012593
A20: lactate | B20: =AVERAGE(AVERAGE(E20/E$9,F20/E$9),AVERAGE(I20/I$9,J20/I$9),AVERAGE(M20/M$9,N20/M$9),Q20/Q$9,R20/R$9) -> 0.055569964 | C20: =STDEV(AVERAGE(E20/E$9,F20/E$9),AVERAGE(I20/I$9,J20/I$9),AVERAGE(M20/M$9,N20/M$9),Q20/Q$9,R20/R$9)/SQRT(D20) -> 0.0054639647 | D20: 5 | E20: 0.0089104 | F20: 0.010823 | I20: 0.0075062 | J20: 0.0096561 | M20: 0.0039228 | N20: 0.0047216 | Q20: 0.014979 | R20: 0.011117
A21: glutamine | B21: =AVERAGE(AVERAGE(E21/E$9,F21/E$9),AVERAGE(I21/I$9,J21/I$9),AVERAGE(M21/M$9,N21/M$9),Q21/Q$9,R21/R$9) -> 1 | C21: =STDEV(AVERAGE(E21/E$9,F21/E$9),AVERAGE(I21/I$9,J21/I$9),AVERAGE(M21/M$9,N21/M$9),Q21/Q$9,R21/R$9)/SQRT(D21) -> 0 | D21: 5 | E21: 0.18844 | F21: 0.19027 | I21: 0.17041 | J21: 0.2092 | M21: 0.087796 | N21: 0.098172 | Q21: 0.19926 | R21: 0.18882
A22: alanine | B22: =AVERAGE(AVERAGE(E22/E$9,F22/E$9),AVERAGE(I22/I$9,J22/I$9),AVERAGE(M22/M$9,N22/M$9),Q22/Q$9,R22/R$9) -> 0.0372689 | C22: =STDEV(AVERAGE(E22/E$9,F22/E$9),AVERAGE(I22/I$9,J22/I$9),AVERAGE(M22/M$9,N22/M$9),Q22/Q$9,R22/R$9)/SQRT(D22) -> 0.0045030805 | D22: 5 | E22: 0.0081904 | F22: 0.0082852 | I22: 0.008875 | J22: 0.007052 | M22: 0.0044188 | N22: 0.0037369 | Q22: 0.007396 | R22: 0.0037596
A23: 3-hydroxybutyrate | B23: =AVERAGE(AVERAGE(E23/E$9,F23/E$9),AVERAGE(I23/I$9,J23/I$9),AVERAGE(M23/M$9,N23/M$9),Q23/Q$9,R23/R$9) -> 0.0018664053 | C23: =STDEV(AVERAGE(E23/E$9,F23/E$9),AVERAGE(I23/I$9,J23/I$9),AVERAGE(M23/M$9,N23/M$9),Q23/Q$9,R23/R$9)/SQRT(D23) -> 0.0003943307 | D23: 5 | E23: 0.00046921 | F23: 0.0003336 | I23: 0.00043412 | J23: 0.00025517 | M23: 0.00019185 | N23: 0.00018348 | Q23: 9.4269e-05 | R23: 0.00054853
A24: palmitic acid | B24: =AVERAGE(AVERAGE(E24/E$9,F24/E$9),AVERAGE(I24/I$9,J24/I$9),AVERAGE(M24/M$9,N24/M$9),Q24/Q$9,R24/R$9) -> 0 | C24: =STDEV(AVERAGE(E24/E$9,F24/E$9),AVERAGE(I24/I$9,J24/I$9),AVERAGE(M24/M$9,N24/M$9),Q24/Q$9,R24/R$9)/SQRT(D24) -> 0 | D24: 5 | E24: 0 | F24: 0 | I24: 0 | J24: 0 | M24: 0 | N24: 0 | Q24: 0 | R24: 0
A25: oleic acid | B25: =AVERAGE(AVERAGE(E25/E$9,F25/E$9),AVERAGE(I25/I$9,J25/I$9),AVERAGE(M25/M$9,N25/M$9),Q25/Q$9,R25/R$9) -> 0.00024124687 | C25: =STDEV(AVERAGE(E25/E$9,F25/E$9),AVERAGE(I25/I$9,J25/I$9),AVERAGE(M25/M$9,N25/M$9),Q25/Q$9,R25/R$9)/SQRT(D25) -> 0.00017765492 | D25: 5 | E25: 6.1964e-05 | F25: 0 | I25: 3.8654e-05 | J25: 0 | M25: 0 | N25: 0 | Q25: 0 | R25: 0.00017764
A26: linoleic acid | B26: =AVERAGE(AVERAGE(E26/E$9,F26/E$9),AVERAGE(I26/I$9,J26/I$9),AVERAGE(M26/M$9,N26/M$9),Q26/Q$9,R26/R$9) -> 0 | C26: =STDEV(AVERAGE(E26/E$9,F26/E$9),AVERAGE(I26/I$9,J26/I$9),AVERAGE(M26/M$9,N26/M$9),Q26/Q$9,R26/R$9)/SQRT(D26) -> 0 | D26: 5 | E26: 0 | F26: 0 | I26: 0 | J26: 0 | M26: 0 | N26: 0 | Q26: 0 | R26: 0
A27: serine | B27: =AVERAGE(AVERAGE(E27/E$9,F27/E$9),AVERAGE(I27/I$9,J27/I$9),AVERAGE(M27/M$9,N27/M$9),Q27/Q$9,R27/R$9) -> 0.0073851226 | C27: =STDEV(AVERAGE(E27/E$9,F27/E$9),AVERAGE(I27/I$9,J27/I$9),AVERAGE(M27/M$9,N27/M$9),Q27/Q$9,R27/R$9)/SQRT(D27) -> 0.00187272 | D27: 5 | E27: 0.0006288 | F27: 0.0021737 | I27: 0.0017733 | J27: 0.0034403 | M27: 0.00029421 | N27: 0.0012977 | Q27: 0.00074612 | R27: 0.00065838
A28: glycine | B28: =AVERAGE(AVERAGE(E28/E$9,F28/E$9),AVERAGE(I28/I$9,J28/I$9),AVERAGE(M28/M$9,N28/M$9),Q28/Q$9,R28/R$9) -> 0.0034859273 | C28: =STDEV(AVERAGE(E28/E$9,F28/E$9),AVERAGE(I28/I$9,J28/I$9),AVERAGE(M28/M$9,N28/M$9),Q28/Q$9,R28/R$9)/SQRT(D28) -> 0.0015068569 | D28: 5 | E28: 0.0010707 | F28: 0.00044469 | I28: 0.00087089 | J28: 0.0016868 | M28: 0.00021562 | N28: 0.0010286 | Q28: 0 | R28: 0
A29: citrate | B29: =AVERAGE(AVERAGE(E29/E$9,F29/E$9),AVERAGE(I29/I$9,J29/I$9),AVERAGE(M29/M$9,N29/M$9),Q29/Q$9,R29/R$9) -> 0.089601782 | C29: =STDEV(AVERAGE(E29/E$9,F29/E$9),AVERAGE(I29/I$9,J29/I$9),AVERAGE(M29/M$9,N29/M$9),Q29/Q$9,R29/R$9)/SQRT(D29) -> 0.0015289856 | D29: 5 | E29: 0.015516 | F29: 0.017684 | I29: 0.01799 | J29: 0.015494 | M29: 0.0073356 | N29: 0.0089277 | Q29: 0.017748 | R29: 0.018054
A30: acetate | B30: =AVERAGE(AA30/AA9,AB30/AB9,AC30/AC9) -> 0.03582605 | C30: =STDEV(AA30/AA9,AB30/AB9,AC30/AC9)/SQRT(D30) -> 0.0098035529 | D30: 3 | AA30: 0.016660183 | AB30: 0.012408857 | AC30: 0.0059724108
A31: glycerol | B31: =AVERAGE(AL31/AL9,AM31/AM9,AP31/AO9,AS31/AR9) -> 0.0017217631 | C31: =STDEV(AL31/AL9,AM31/AM9,AP31/AO9,AS31/AR9)/SQRT(D31) -> 0.001270145 | D31: 4 | AL31: 0.0010104 | AM31: 0.00027235 | AP31: 0 | AS31: 0
A32: BCAAs | B32: =AVERAGE(AVERAGE(E32/E$9,F32/E$9),AVERAGE(I32/I$9,J32/I$9),AVERAGE(M32/M$9,N32/M$9),Q32/Q$9,R32/R$9) -> 0 | C32: =STDEV(AVERAGE(E32/E$9,F32/E$9),AVERAGE(I32/I$9,J32/I$9),AVERAGE(M32/M$9,N32/M$9),Q32/Q$9,R32/R$9)/SQRT(D32) -> 0 | D32: 5 | E32: 0 | F32: 0 | I32: 0 | J32: 0 | M32: 0 | N32: 0 | Q32: 0 | R32: 0
A33: 6AAs | B33: =AVERAGE(AVERAGE(E33/E$9,F33/E$9),AVERAGE(I33/I$9,J33/I$9),AVERAGE(M33/M$9,N33/M$9),Q33/Q$9,R33/R$9) -> 0 | C33: =STDEV(AVERAGE(E33/E$9,F33/E$9),AVERAGE(I33/I$9,J33/I$9),AVERAGE(M33/M$9,N33/M$9),Q33/Q$9,R33/R$9)/SQRT(D33) -> 0 | D33: 5 | E33: 0 | F33: 0 | I33: 0 | J33: 0 | M33: 0 | N33: 0 | Q33: 0 | R33: 0
A36: Tissue malate
A37: Brain | B37: =AVERAGE(AVERAGE(E37/E$9,F37/E$9),AVERAGE(I37/I$9,J37/I$9),AVERAGE(M37/M$9,N37/M$9)) -> 0.06678142 | C37: =STDEV(AVERAGE(E37/E$9,F37/E$9),AVERAGE(I37/I$9,J37/I$9),AVERAGE(M37/M$9,N37/M$9))/SQRT(D37) -> 0.0050527459 | D37: 3 | E37: 0.014585 | F37: 0.014276 | I37: 0.011402 | J37: 0.010963 | M37: 0.0058547 | N37: 0.0062741
A38: Muscle | B38: =AVERAGE(AVERAGE(E38/E$9,F38/E$9),AVERAGE(I38/I$9,J38/I$9),AVERAGE(M38/M$9,N38/M$9)) -> 0.085584097 | C38: =STDEV(AVERAGE(E38/E$9,F38/E$9),AVERAGE(I38/I$9,J38/I$9),AVERAGE(M38/M$9,N38/M$9))/SQRT(D38) -> 0.0083740121 | D38: 3 | E38: 0.010065 | F38: 0.017453 | I38: 0.019947 | J38: 0.018497 | M38: 0.0095019 | N38: 0.0058995
A39: Kidney | B39: =AVERAGE(AVERAGE(E39/E$9,F39/E$9),AVERAGE(I39/I$9,J39/I$9),AVERAGE(M39/M$9,N39/M$9)) -> 0.13859344 | C39: =STDEV(AVERAGE(E39/E$9,F39/E$9),AVERAGE(I39/I$9,J39/I$9),AVERAGE(M39/M$9,N39/M$9))/SQRT(D39) -> 0.0029133276 | D39: 3 | E39: 0.026407 | F39: 0.026274 | I39: 0.025175 | J39: 0.025431 | M39: 0.013149 | N39: 0.013512
A40: Liver | B40: =AVERAGE(AVERAGE(E40/E$9,F40/E$9),AVERAGE(I40/I$9,J40/I$9),AVERAGE(M40/M$9,N40/M$9)) -> 0.1384273 | C40: =STDEV(AVERAGE(E40/E$9,F40/E$9),AVERAGE(I40/I$9,J40/I$9),AVERAGE(M40/M$9,N40/M$9))/SQRT(D40) -> 0.0053040966 | D40: 3 | E40: 0.025313 | F40: 0.025607 | I40: 0.029567 | J40: 0.026969 | M40: 0.012442 | N40: 0.012086
A41: Spleen | B41: =AVERAGE(AVERAGE(E41/E$9,F41/E$9),AVERAGE(I41/I$9,J41/I$9),AVERAGE(M41/M$9,N41/M$9)) -> 0.29255105 | C41: =STDEV(AVERAGE(E41/E$9,F41/E$9),AVERAGE(I41/I$9,J41/I$9),AVERAGE(M41/M$9,N41/M$9))/SQRT(D41) -> 0.032456399 | D41: 3 | E41: 0.042175 | F41: 0.044136 | I41: 0.061658 | J41: 0.06361 | M41: 0.0298 | N41: 0.029664
A42: Skin | B42: NaN | C42: NaN | D42: 0
A43: Pancreas | B43: =AVERAGE(AVERAGE(E43/E$9,F43/E$9),AVERAGE(I43/I$9,J43/I$9),AVERAGE(M43/M$9,N43/M$9)) -> 0.31676364 | C43: =STDEV(AVERAGE(E43/E$9,F43/E$9),AVERAGE(I43/I$9,J43/I$9),AVERAGE(M43/M$9,N43/M$9))/SQRT(D43) -> 0.080929279 | D43: 3 | E43: 0.032947 | F43: 0.025974 | I43: 0.076402 | J43: 0.079304 | M43: 0.034061 | N43: 0.03745
A44: Lung | B44: =AVERAGE(AVERAGE(E44/E$9,F44/E$9),AVERAGE(I44/I$9,J44/I$9),AVERAGE(M44/M$9,N44/M$9)) -> 0.1076857 | C44: =STDEV(AVERAGE(E44/E$9,F44/E$9),AVERAGE(I44/I$9,J44/I$9),AVERAGE(M44/M$9,N44/M$9))/SQRT(D44) -> 0.0040766753 | D44: 3 | E44: 0.019326 | F44: 0.018685 | I44: 0.021663 | J44: 0.019421 | M44: 0.010489 | N44: 0.010797
A45: Heart | B45: =AVERAGE(AVERAGE(E45/E$9,F45/E$9),AVERAGE(I45/I$9,J45/I$9),AVERAGE(M45/M$9,N45/M$9)) -> 0.02993779 | C45: =STDEV(AVERAGE(E45/E$9,F45/E$9),AVERAGE(I45/I$9,J45/I$9),AVERAGE(M45/M$9,N45/M$9))/SQRT(D45) -> 0.0034023044 | D45: 3 | E45: 0.0048312 | F45: 0.0042153 | I45: 0.0059191 | J45: 0.0055701 | M45: 0.0032436 | N45: 0.003388
A46: gWAT | B46: =AVERAGE(E46/E$9,I46/I$9,M46/M$9) -> 0.13486247 | C46: =STDEV(E46/E$9,I46/I$9,M46/M$9)/SQRT(D46) -> 0.0071252585 | D46: 3 | E46: 0.024676 | I46: 0.023809 | M46: 0.013839
A47: iWAT | B47: =AVERAGE(F47/E$9,J47/I$9,N47/M$9) -> 0.13709657 | C47: =STDEV(F47/E$9,J47/I$9,N47/M$9)/SQRT(D47) -> 0.0058542029 | D47: 3 | F47: 0.025358 | J47: 0.024471 | N47: 0.013803
A48: Small intestine | B48: =AVERAGE(AVERAGE(E48/E$9,F48/E$9),AVERAGE(I48/I$9,J48/I$9),AVERAGE(M48/M$9,N48/M$9)) -> 0.29342298 | C48: =STDEV(AVERAGE(E48/E$9,F48/E$9),AVERAGE(I48/I$9,J48/I$9),AVERAGE(M48/M$9,N48/M$9))/SQRT(D48) -> 0.017737385 | D48: 3 | E48: 0.047947 | F48: 0.050338 | I48: 0.058761 | J48: 0.05562 | M48: 0.030919 | N48: 0.028485
A49: Brown fat | B49: =AVERAGE(F49/E$9,J49/I$9,N49/M$9) -> 0.087765128 | C49: =STDEV(F49/E$9,J49/I$9,N49/M$9)/SQRT(D49) -> 0.014945924 | D49: 3 | F49: 0.019057 | J49: 0.011002 | N49: 0.0097344
A50: Stomach | B50: NaN | C50: NaN | D50: 0
A51: Bone | B51: NaN | C51: NaN | D51: 0
A53: Tissue succinate
A54: Brain | B54: =AVERAGE(AVERAGE(E54/E$9,F54/E$9),AVERAGE(I54/I$9,J54/I$9),AVERAGE(M54/M$9,N54/M$9)) -> 0.062177908 | C54: =STDEV(AVERAGE(E54/E$9,F54/E$9),AVERAGE(I54/I$9,J54/I$9),AVERAGE(M54/M$9,N54/M$9))/SQRT(D54) -> 0.0060840976 | D54: 3 | E54: 0.013651 | F54: 0.014305 | I54: 0.010406 | J54: 0.0098232 | M54: 0.0052454 | N54: 0.0058058
A55: Muscle | B55: =AVERAGE(AVERAGE(E55/E$9,F55/E$9),AVERAGE(I55/I$9,J55/I$9),AVERAGE(M55/M$9,N55/M$9)) -> 0.082361952 | C55: =STDEV(AVERAGE(E55/E$9,F55/E$9),AVERAGE(I55/I$9,J55/I$9),AVERAGE(M55/M$9,N55/M$9))/SQRT(D55) -> 0.0070854432 | D55: 3 | E55: 0.0097528 | F55: 0.017281 | I55: 0.018714 | J55: 0.017581 | M55: 0.0097457 | N55: 0.0051486
A56: Kidney | B56: =AVERAGE(AVERAGE(E56/E$9,F56/E$9),AVERAGE(I56/I$9,J56/I$9),AVERAGE(M56/M$9,N56/M$9)) -> 0.15185821 | C56: =STDEV(AVERAGE(E56/E$9,F56/E$9),AVERAGE(I56/I$9,J56/I$9),AVERAGE(M56/M$9,N56/M$9))/SQRT(D56) -> 0.0045265581 | D56: 3 | E56: 0.028942 | F56: 0.027382 | I56: 0.027895 | J56: 0.027554 | M56: 0.014258 | N56: 0.015642
A57: Liver | B57: =AVERAGE(AVERAGE(E57/E$9,F57/E$9),AVERAGE(I57/I$9,J57/I$9),AVERAGE(M57/M$9,N57/M$9)) -> 0.16706629 | C57: =STDEV(AVERAGE(E57/E$9,F57/E$9),AVERAGE(I57/I$9,J57/I$9),AVERAGE(M57/M$9,N57/M$9))/SQRT(D57) -> 0.0084558956 | D57: 3 | E57: 0.028841 | F57: 0.028784 | I57: 0.035433 | J57: 0.033443 | M57: 0.015466 | N57: 0.015702
A58: Spleen | B58: =AVERAGE(AVERAGE(E58/E$9,F58/E$9),AVERAGE(I58/I$9,J58/I$9),AVERAGE(M58/M$9,N58/M$9)) -> 0.27621576 | C58: =STDEV(AVERAGE(E58/E$9,F58/E$9),AVERAGE(I58/I$9,J58/I$9),AVERAGE(M58/M$9,N58/M$9))/SQRT(D58) -> 0.02514382 | D58: 3 | E58: 0.042992 | F58: 0.04348 | I58: 0.059075 | J58: 0.059919 | M58: 0.028285 | N58: 0.02506
A59: Skin | B59: NaN | C59: NaN | D59: 0
A60: Pancreas | B60: =AVERAGE(AVERAGE(E60/E$9,F60/E$9),AVERAGE(I60/I$9,J60/I$9),AVERAGE(M60/M$9,N60/M$9)) -> 0.36098142 | C60: =STDEV(AVERAGE(E60/E$9,F60/E$9),AVERAGE(I60/I$9,J60/I$9),AVERAGE(M60/M$9,N60/M$9))/SQRT(D60) -> 0.08716525 | D60: 3 | E60: 0.034437 | F60: 0.036375 | I60: 0.080963 | J60: 0.085564 | M60: 0.039979 | N60: 0.045061
A61: Lung | B61: =AVERAGE(AVERAGE(E61/E$9,F61/E$9),AVERAGE(I61/I$9,J61/I$9),AVERAGE(M61/M$9,N61/M$9)) -> 0.077895968 | C61: =STDEV(AVERAGE(E61/E$9,F61/E$9),AVERAGE(I61/I$9,J61/I$9),AVERAGE(M61/M$9,N61/M$9))/SQRT(D61) -> 0.016929211 | D61: 3 | E61: 0.018589 | F61: 0.017965 | I61: 0.018305 | J61: 0.017025 | M61: 0.0040452 | N61: 0.0041553
A62: Heart | B62: =AVERAGE(AVERAGE(E62/E$9,F62/E$9),AVERAGE(I62/I$9,J62/I$9),AVERAGE(M62/M$9,N62/M$9)) -> 0.019876869 | C62: =STDEV(AVERAGE(E62/E$9,F62/E$9),AVERAGE(I62/I$9,J62/I$9),AVERAGE(M62/M$9,N62/M$9))/SQRT(D62) -> 0.0014456429 | D62: 3 | E62: 0.0034332 | F62: 0.0031902 | I62: 0.0033926 | J62: 0.0040699 | M62: 0.0019048 | N62: 0.0022763
A63: gWAT | B63: =AVERAGE(E63/E$9,I63/I$9,M63/M$9) -> 0.09027311 | C63: =STDEV(E63/E$9,I63/I$9,M63/M$9)/SQRT(D63) -> 0.024539615 | D63: 3 | E63: 0.022589 | I63: 0.020886 | M63: 0.0038575
A64: iWAT | B64: =AVERAGE(F64/E$9,J64/I$9,N64/M$9) -> 0.11659964 | C64: =STDEV(F64/E$9,J64/I$9,N64/M$9)/SQRT(D64) -> 0.0080373116 | D64: 3 | F64: 0.02476 | J64: 0.022038 | N64: 0.0095709
A65: Small intestine | B65: =AVERAGE(AVERAGE(E65/E$9,F65/E$9),AVERAGE(I65/I$9,J65/I$9),AVERAGE(M65/M$9,N65/M$9)) -> 0.34622911 | C65: =STDEV(AVERAGE(E65/E$9,F65/E$9),AVERAGE(I65/I$9,J65/I$9),AVERAGE(M65/M$9,N65/M$9))/SQRT(D65) -> 0.025626352 | D65: 3 | E65: 0.055325 | F65: 0.05664 | I65: 0.069979 | J65: 0.068334 | M65: 0.036416 | N65: 0.034007
A66: Brown fat | B66: =AVERAGE(F66/E$9,J66/I$9,N66/M$9) -> 0.086437217 | C66: =STDEV(F66/E$9,J66/I$9,N66/M$9)/SQRT(D66) -> 0.01555973 | D66: 3 | F66: 0.018257 | J66: 0.010614 | N66: 0.0099469
A67: Stomach | B67: NaN | C67: NaN | D67: 0
A68: Bone | B68: NaN | C68: NaN | D68: 0
A81: When | E81: 42838 | I81: 42838 | M81: 42838 | Q81: 42807 | R81: 42807 | S81: 42807 | U81: 43670 | X81: 43670
A82: Who | E82: SH | I82: SH | M82: SH | Q82: SH | R82: SH | S82: SH | U82: SH | X82: SH | AA82: TT | AE82: TT | AI82: TT
A83: Mouse | E83: M1 | I83: M2 | M83: M3 | Q83: M1 | R83: M2 | S83: M3 | U83: M5 | X83: M6 | AA83: gln1 | AE83: gln3 | AI83: gln4
A84: State | E84: refed | I84: refed | M84: refed | Q84: refed | R84: refed | S84: refed | U84: refed | X84: refed | AA84: refed | AE84: refed | AI84: refed
A85: Infusate | E85: [U-13C]glutamine | I85: [U-13C]glutamine | M85: [U-13C]glutamine | Q85: [U-13C]glutamine | R85: [U-13C]glutamine | S85: [U-13C]glutamine | U85: [U-13C]glutamine | X85: [U-13C]glutamine | AA85: [U-13C]glutamine | AE85: [U-13C]glutamine | AI85: [U-13C]glutamine
A86: Concentration (mM) | E86: 100 | I86: 100 | M86: 100 | Q86: 100 | R86: 100 | S86: 100 | U86: 50 | X86: 50
A87: Rate (µl/min/g) | E87: 0.1 | I87: 0.1 | M87: 0.1 | Q87: 0.1 | R87: 0.1 | S87: 0.1 | U87: 0.15 | X87: 0.15
A88: Enrichment | E88: 0.12536103 | I88: 0.12672084 | M88: 0.12700764 | Q88: 0.11353449 | R88: 0.091244948 | S88: 0.132337
A89: Avg. C enrichment | E89: =E101 -> 0.12986 | I89: =I101 -> 0.13132 | M89: =M101 -> 0.13174 | Q89: =Q101 -> 0.11782 | R89: =R101 -> 0.09491 | S89: =S101 -> 0.13573 | U89: 0.106 | X89: 0.125 | AA89: =AVERAGE(AA101:AB101) -> 0.07986 | AE89: =AE101 -> 0.15853 | AI89: =AI101 -> 0.13062
A90: Fcirc | E90: =E86*E87*(1-E88)/E88 -> 69.769609 | I90: =I86*I87*(1-I88)/I88 -> 68.913617 | M90: =M86*M87*(1-M88)/M88 -> 68.735423 | Q90: =Q86*Q87*(1-Q88)/Q88 -> 78.078963 | R90: =R86*R87*(1-R88)/R88 -> 99.595109 | S90: =S86*S87*(1-S88)/S88 -> 65.564656 | U90: =U86*U87*(1-U88)/U88 -> #DIV/0!
A91: factor between Fcirc and Fcirc' | C91: =AVERAGE(E91:S91) -> 0.96113345 | E91: =(1-E89)*E88/E89/(1-E88) -> 0.9603896 | I91: =(1-I89)*I88/I89/(1-I88) -> 0.95989538 | M91: =(1-M89)*M88/M89/(1-M88) -> 0.95885188 | Q91: =(1-Q89)*Q88/Q89/(1-Q88) -> 0.95896809 | R91: =(1-R89)*R88/R89/(1-R88) -> 0.95750661 | S91: =(1-S89)*S88/S89/(1-S88) -> 0.97118911
A92: Who | E92: SH | I92: SH | M92: SH | Q92: SH | R92: SH | S92: SH | V92: SH | Y92: SH | AA92: TT | AE92: TT | AF92: SH | AI92: TT | AJ92: SH
A93: Machine | E93: QE+ | I93: QE+ | M93: QE+ | Q93: QE+ | R93: QE+ | S93: QE+ | V93: Exactive | Y93: Exactive | AA93: QE+ | AE93: QE+ | AF93: Exactive | AI93: QE+ | AJ93: Exactive
A94: Folder | E94: 20170414_GlnInfusion_fed | I94: 20170414_GlnInfusion_fed | M94: 20170414_GlnInfusion_fed | Q94: 20170315_GlnInfusion_fed | R94: 20170315_GlnInfusion_fed | S94: 20170315_GlnInfusion_fed | V94: 20190725_Glycerolmeasurement | Y94: 20190725_Glycerolmeasurement | AA94: 20190303_glycerolkinase;20190310-fed-gln1-pc2-3 | AE94: 20190529-refed-serum (QE2); 20190520-refedgln3-4 | AF94: 20190725_Glycerolmeasurement | AI94: 20190529-refed-serum (QE2); 20190520-refedgln3-4 | AJ94: 20190725_Glycerolmeasurement
A96: Note
B97: Mean | C97: SEM | D97: N
A98: Serum
A99: glucose | B99: =AVERAGE(E99/E$89,I99/I$89,M99/M$89,Q99/Q$89,R99/R$89,S99/S$89,AVERAGE(AA99,AB99)/AA$89,AE99/AE$89,AI99/AI$89) -> 0.04076097 | C99: =STDEV(E99/E$89,I99/I$89,M99/M$89,Q99/Q$89,R99/R$89,S99/S$89,AVERAGE(AA99,AB99)/AA$89,AE99/AE$89,AI99/AI$89) -> 0.0097451 | D99: =COUNT(E99:AZ99)-1 -> 9 | E99: 0.0044619 | I99: 0.0042493 | M99: 0.0048257 | Q99: 0.0050717 | R99: 0.0043384 | S99: 0.005059 | AA99: 0.0048698 | AB99: 0.0038566 | AE99: 0.0087962 | AI99: 0.0035724
A100: lactate | B100: =AVERAGE(E100/E$89,I100/I$89,M100/M$89,Q100/Q$89,R100/R$89,S100/S$89,AVERAGE(AA100,AB100)/AA$89,AE100/AE$89,AI100/AI$89) -> 0.038142502 | C100: =STDEV(E100/E$89,I100/I$89,M100/M$89,Q100/Q$89,R100/R$89,S100/S$89,AVERAGE(AA100,AB100)/AA$89,AE100/AE$89,AI100/AI$89) -> 0.015995018 | D100: =COUNT(E100:AZ100)-1 -> 9 | E100: 0.005175 | I100: 0.0055623 | M100: 0.0045714 | Q100: 0.0030506 | R100: 0.0024909 | S100: 0.010053 | AA100: 0.001253 | AB100: 0.0063503 | AE100: 0.0032892 | AI100: 0.0041563
A101: glutamine | B101: =AVERAGE(E101/E$89,I101/I$89,M101/M$89,Q101/Q$89,R101/R$89,S101/S$89,AVERAGE(AA101,AB101)/AA$89,AE101/AE$89,AI101/AI$89) -> 1 | C101: =STDEV(E101/E$89,I101/I$89,M101/M$89,Q101/Q$89,R101/R$89,S101/S$89,AVERAGE(AA101,AB101)/AA$89,AE101/AE$89,AI101/AI$89) -> 0 | D101: =COUNT(E101:AZ101)-1 -> 9 | E101: 0.12986 | I101: 0.13132 | M101: 0.13174 | Q101: 0.11782 | R101: 0.09491 | S101: 0.13573 | AA101: 0.078033 | AB101: 0.081687 | AE101: 0.15853 | AI101: 0.13062
A102: alanine | B102: =AVERAGE(E102/E$89,I102/I$89,M102/M$89,Q102/Q$89,R102/R$89,S102/S$89,AVERAGE(AA102,AB102)/AA$89,AE102/AE$89,AI102/AI$89) -> 0.030042665 | C102: =STDEV(E102/E$89,I102/I$89,M102/M$89,Q102/Q$89,R102/R$89,S102/S$89,AVERAGE(AA102,AB102)/AA$89,AE102/AE$89,AI102/AI$89) -> 0.018332514 | D102: =COUNT(E102:AZ102)-1 -> 9 | E102: 0.0043668 | I102: 0.0045839 | M102: 0.0040541 | Q102: 0.0039403 | R102: 0.0038987 | S102: 0.0036371 | AA102: 0.0051684 | AB102: 0.004861 | AE102: 0 | AI102: 0.00090986
A103: 3-hydroxybutyrate | B103: =AVERAGE(E103/E$89,I103/I$89,M103/M$89,Q103/Q$89,R103/R$89,S103/S$89,AVERAGE(AA103,AB103)/AA$89,AE103/AE$89,AI103/AI$89) -> 0.0014972798 | C103: =STDEV(E103/E$89,I103/I$89,M103/M$89,Q103/Q$89,R103/R$89,S103/S$89,AVERAGE(AA103,AB103)/AA$89,AE103/AE$89,AI103/AI$89) -> 0.0028418399 | D103: =COUNT(E103:AZ103)-1 -> 9 | E103: 0.0004972 | I103: 0 | M103: 0 | Q103: 8.3574e-06 | R103: 0.00078506 | S103: 0 | AA103: 0.00020831 | AB103: 0 | AE103: 0 | AI103: 0
A104: palmitic acid | B104: =AVERAGE(E104/E$89,I104/I$89,M104/M$89,Q104/Q$89,R104/R$89,S104/S$89,AVERAGE(AA104,AB104)/AA$89,AE104/AE$89,AI104/AI$89) -> 0.00015068407 | C104: =STDEV(E104/E$89,I104/I$89,M104/M$89,Q104/Q$89,R104/R$89,S104/S$89,AVERAGE(AA104,AB104)/AA$89,AE104/AE$89,AI104/AI$89) -> 0.00021666199 | D104: =COUNT(E104:AZ104)-1 -> 9 | E104: 0 | I104: 0 | M104: 2.1001e-05 | Q104: 3.2159e-05 | R104: 0 | S104: 4.054e-05 | AA104: 5.2354e-05 | AB104: 4.7489e-05 | AE104: 0 | AI104: 0
A105: oleic acid | B105: =AVERAGE(E105/E$89,I105/I$89,M105/M$89,Q105/Q$89,R105/R$89,S105/S$89,AVERAGE(AA105,AB105)/AA$89,AE105/AE$89,AI105/AI$89) -> 0.00010162326 | C105: =STDEV(E105/E$89,I105/I$89,M105/M$89,Q105/Q$89,R105/R$89,S105/S$89,AVERAGE(AA105,AB105)/AA$89,AE105/AE$89,AI105/AI$89) -> 0.00020721587 | D105: =COUNT(E105:AZ105)-1 -> 9 | E105: 0 | I105: 0 | M105: 0 | Q105: 4.2641e-05 | R105: 0 | S105: 7.5017e-05 | AA105: 0 | AB105: 0 | AE105: 0 | AI105: 0
A106: linoleic acid | B106: =AVERAGE(E106/E$89,I106/I$89,M106/M$89,Q106/Q$89,R106/R$89,S106/S$89,AVERAGE(AA106,AB106)/AA$89,AE106/AE$89,AI106/AI$89) -> 2.9378947e-05 | C106: =STDEV(E106/E$89,I106/I$89,M106/M$89,Q106/Q$89,R106/R$89,S106/S$89,AVERAGE(AA106,AB106)/AA$89,AE106/AE$89,AI106/AI$89) -> 8.8136841e-05 | D106: =COUNT(E106:AZ106)-1 -> 9 | E106: 0 | I106: 0 | M106: 0 | Q106: 0 | R106: 0 | S106: 0 | AA106: 0 | AB106: 0 | AE106: 4.1917e-05 | AI106: 0
A107: serine | B107: =AVERAGE(E107/E$89,I107/I$89,M107/M$89,Q107/Q$89,R107/R$89,S107/S$89,AVERAGE(AA107,AB107)/AA$89,AE107/AE$89,AI107/AI$89) -> 0.0044529846 | C107: =STDEV(E107/E$89,I107/I$89,M107/M$89,Q107/Q$89,R107/R$89,S107/S$89,AVERAGE(AA107,AB107)/AA$89,AE107/AE$89,AI107/AI$89) -> 0.0055637083 | D107: =COUNT(E107:AZ107)-1 -> 9 | E107: 0.00041353 | I107: 0 | M107: 0.00069415 | Q107: 0.00030587 | R107: 0 | S107: 0.00089331 | AA107: 0.0012772 | AB107: 0.0015641 | AE107: 0 | AI107: 0.00060823
A108: glycine | B108: =AVERAGE(E108/E$89,I108/I$89,M108/M$89,Q108/Q$89,R108/R$89,S108/S$89,AVERAGE(AA108,AB108)/AA$89,AE108/AE$89,AI108/AI$89) -> 0.002957974 | C108: =STDEV(E108/E$89,I108/I$89,M108/M$89,Q108/Q$89,R108/R$89,S108/S$89,AVERAGE(AA108,AB108)/AA$89,AE108/AE$89,AI108/AI$89) -> 0.0046645158 | D108: =COUNT(E108:AZ108)-1 -> 9 | E108: 0.00046862 | I108: 0.00011811 | M108: 0 | Q108: 0 | R108: 0.00064714 | S108: 0.000204 | AA108: 0.0022029 | AB108: 0 | AE108: 0 | AI108: 0
A109: citrate | B109: =AVERAGE(E109/E$89,I109/I$89,M109/M$89,Q109/Q$89,R109/R$89,S109/S$89,AVERAGE(AA109,AB109)/AA$89,AE109/AE$89,AI109/AI$89) -> 0.06338369 | C109: =STDEV(E109/E$89,I109/I$89,M109/M$89,Q109/Q$89,R109/R$89,S109/S$89,AVERAGE(AA109,AB109)/AA$89,AE109/AE$89,AI109/AI$89) -> 0.014741795 | D109: =COUNT(E109:AZ109)-1 -> 9 | E109: 0.010526 | I109: 0.0092511 | M109: 0.011346 | Q109: 0.0081805 | R109: 0.0050517 | S109: 0.0085256 | AA109: 0.0031979 | AB109: 0.0036594 | AE109: 0.0074746 | AI109: 0.0074808
A110: acetate | B110: NaN | C110: NaN | D110: 0
A111: glycerol | B111: =AVERAGE(V111/U89,Y111/X89,AVERAGE(AA111/AA89,AB111/AA89),AF111/AE89,AJ111/AI89) -> 0.0033746556 | C111: =STDEV(AVERAGE(V111/U89,Y111/X89,AA111/AA89,AB111/AA89),AF111/AE89,AJ111/AI89)/SQRT(D111) -> 0.0021783309 | D111: =COUNT(E111:AZ111)-1 -> 5 | V111: 0 | Y111: 0 | AA111: 0.002695 | AB111: 0 | AF111: 0 | AJ111: 0
A112: BCAAs | B112: =AVERAGE(E112/E$89,I112/I$89,M112/M$89,Q112/Q$89,R112/R$89,S112/S$89,AVERAGE(AA112,AB112)/AA$89,AE112/AE$89,AI112/AI$89) -> 0 | C112: =STDEV(E112/E$89,I112/I$89,M112/M$89,Q112/Q$89,R112/R$89,S112/S$89,AVERAGE(AA112,AB112)/AA$89,AE112/AE$89,AI112/AI$89) -> 0 | D112: =COUNT(E112:AZ112)-1 -> 9 | E112: 0 | I112: 0 | M112: 0 | Q112: 0 | R112: 0 | S112: 0 | AA112: 0 | AB112: 0 | AE112: 0 | AI112: 0
A113: 6AAs | B113: =AVERAGE(E113/E$89,I113/I$89,M113/M$89,Q113/Q$89,R113/R$89,S113/S$89,AVERAGE(AA113,AB113)/AA$89,AE113/AE$89,AI113/AI$89) -> 0 | C113: =STDEV(E113/E$89,I113/I$89,M113/M$89,Q113/Q$89,R113/R$89,S113/S$89,AVERAGE(AA113,AB113)/AA$89,AE113/AE$89,AI113/AI$89) -> 0 | D113: =COUNT(E113:AZ113)-1 -> 9 | E113: 0 | I113: 0 | M113: 0 | Q113: 0 | R113: 0 | S113: 0 | AA113: 0 | AB113: 0 | AE113: 0 | AI113: 0
A116: Tissue malate
A117: Brain | B117: =AVERAGE(E117/E$89,I117/I$89,M117/M$89,AA117/AA$89,AE117/AE$89,AI117/AI$89) -> 0.060037028 | C117: =STDEV(E117/E$89,I117/I$89,M117/M$89,AA117/AA$89,AE117/AE$89,AI117/AI$89)/SQRT(D117) -> 0.010076888 | D117: =COUNT(E117:AZ117) -> 6 | E117: 0.0063405 | I117: 0.0059739 | M117: 0.0065749 | AA117: 0.0063397 | AE117: 0.0056973 | AI117: 0.01315
A118: Muscle | B118: =AVERAGE(E118/E$89,I118/I$89,M118/M$89,AA118/AA$89,AE118/AE$89,AI118/AI$89) -> 0.078298153 | C118: =STDEV(E118/E$89,I118/I$89,M118/M$89,AA118/AA$89,AE118/AE$89,AI118/AI$89)/SQRT(D118) -> 0.0064629733 | D118: =COUNT(E118:AZ118) -> 6 | E118: 0.0083558 | I118: 0.0099513 | M118: 0.0073398 | AA118: 0.0076503 | AE118: 0.013913 | AI118: 0.011807
A119: Kidney | B119: =AVERAGE(E119/E$89,I119/I$89,M119/M$89,AA119/AA$89,AE119/AE$89,AI119/AI$89) -> 0.12353107 | C119: =STDEV(E119/E$89,I119/I$89,M119/M$89,AA119/AA$89,AE119/AE$89,AI119/AI$89)/SQRT(D119) -> 0.014841328 | D119: =COUNT(E119:AZ119) -> 6 | E119: 0.019419 | I119: 0.018198 | M119: 0.021103 | AA119: 0.0098173 | AE119: 0.0092946 | AI119: 0.014541
...

Sheet Alanine
A1: When | E1: 43423 | I1: 43423 | M1: 42516 | Q1: 03/xx/19 | U1: 03/xx/19
A2: Who | E2: TT | I2: TT | M2: SH | Q2: TT | U2: TT | AA2: TT | AC2: TT
A3: Mouse | E3: ala1 | I3: ala2 | M3: M3 | Q3: ala3 | U3: ala4 | AA3: ala1 | AC3: ala2
A4: State | E4: fasted | I4: fasted | M4: fasted | Q4: fasted | U4: fasted | AA4: fasted | AC4: fasted
A5: Infusate | E5: [U-13C]alanine | I5: [U-13C]alanine | M5: [U-13C]alanine | Q5: [U-13C]alanine | U5: [U-13C]alanine | AA5: [U-13C]alanine | AC5: [U-13C]alanine
A6: Concentration (mM) | E6: 200 | I6: 200 | M6: 200 | Q6: 200 | U6: 200
A7: Rate (µl/min/g) | E7: 0.1 | I7: 0.1 | M7: 0.05 | Q7: 0.1 | U7: 0.1
A8: Enrichment | E8: 0.1869801 | I8: 0.16628543 | M8: 0.12473039 | Q8: =AVERAGE(0.202003348,0.213662263) -> 0.20783281 | U8: =AVERAGE(0.166959691,0.148663256) -> 0.15781147
A9: Avg C enrichment | E9: =E22 -> 0.18936 | I9: =I22 -> 0.16645 | M9: =M22 -> 0.12473 | Q9: =AVERAGE(Q22:R22) -> 0.208 | U9: =AVERAGE(U22:V22) -> 0.15934 | AA9: 0.21127 | AB9: 0.21936 | AC9: 0.21531 | AD9: 0.21148
A10: Fcirc | B10: =AVERAGE(E10:AZ10) -> 88.075199 | C10: =STDEV(E10:AZ10)/SQRT(D10) -> 6.924516 | D10: =COUNT(E10:AZ10) -> 5 | E10: =E6*E7*(1-E8)/E8 -> 86.963257 | I10: =I6*I7*(1-I8)/I8 -> 100.27512 | M10: =M6*M7*(1-M8)/M8 -> 70.172922 | Q10: =Q6*Q7*(1-Q8)/Q8 -> 76.231199 | U10: =U6*U7*(1-U8)/U8 -> 106.7335
A11: factor between Fcirc and Fcirc' | C11: =AVERAGE(E11:U11) -> 0.9941908 | E11: =(1-E9)*E8/E9/(1-E8) -> 0.9845414 | I11: =(1-I9)*I8/I9/(1-I8) -> 0.99881409 | M11: =(1-M9)*M8/M9/(1-M8) -> 1.0000036 | Q11: =(1-Q9)*Q8/Q9/(1-Q8) -> 0.99898529 | U11: =(1-U9)*U8/U9/(1-U8) -> 0.9886096
A12: Who | E12: TT | I12: TT | M12: SH | Q12: TT | S12: SH | U12: TT | W12: SH | AA12: TT | AC12: TT
A13: Machine | E13: QE+ | I13: QE+ | M13: QE+ | Q13: QE2; QE+ | S13: Exactive | U13: QE2; QE+ | W13: Exactive | AA13: QE+ | AC13: QE+
A14: Folder | E14: 20181113-alanine 1-2; 20181125-alanine 1-2 | I14: 20181113-alanine 1-2; 20181125-alanine 1-2 | M14: 20160526_Ala_Gln_serum | Q14: 20190324-ala3-4 (serum); 20190325-ala3-4 | S14: 20190725_Glycerolmeasurement | U14: 20190324-ala3-4 (serum); 20190325-ala3-4 | W14: 20190725_Glycerolmeasurement | AA14: 20190106_Glycerol | AC14: 20190106_Glycerol
A16: Note | M16: bad peaks for most metabolites
B17: Mean | C17: SEM | D17: N
A18: Serum
A19: glucose | B19: =AVERAGE(E19/E$9,I19/I$9,AVERAGE(Q19/Q$9,R19/Q$9),AVERAGE(U19/U$9,V19/U$9)) -> 0.19798248 | C19: =STDEV(E19/E$9,I19/I$9,AVERAGE(Q19/Q$9,R19/Q$9),AVERAGE(U19/U$9,V19/U$9))/SQRT(D19) -> 0.024143091 | D19: =COUNT(E19:AZ19)-2 -> 4 | E19: 0.041531 | I19: 0.038133 | Q19: 0.025057 | R19: 0.02734 | U19: 0.032818 | V19: 0.036513
A20: lactate | B20: =AVERAGE(E20/E$9,I20/I$9,M20/M$9,AVERAGE(Q20/Q$9,R20/Q$9),AVERAGE(U20/U$9,V20/U$9)) -> 0.21608123 | C20: =STDEV(E20/E$9,I20/I$9,M20/M$9,AVERAGE(Q20/Q$9,R20/Q$9),AVERAGE(U20/U$9,V20/U$9))/SQRT(D20) -> 0.016244571 | D20: =COUNT(E20:AZ20)-2 -> 5 | E20: 0.045822 | I20: 0.039731 | M20: 0.022726 | Q20: 0.032049 | R20: 0.039119 | U20: 0.038601 | V20: 0.039937
A21: glutamine | B21: =AVERAGE(E21/E$9,I21/I$9,AVERAGE(Q21/Q$9,R21/Q$9),AVERAGE(U21/U$9,V21/U$9)) -> 0.077417374 | C21: =STDEV(E21/E$9,I21/I$9,AVERAGE(Q21/Q$9,R21/Q$9),AVERAGE(U21/U$9,V21/U$9))/SQRT(D21) -> 0.011516131 | D21: =COUNT(E21:AZ21)-2 -> 4 | E21: 0.013878 | I21: 0.018043 | Q21: 0.010768 | R21: 0.011164 | U21: 0.011756 | V21: 0.012228
A22: alanine | B22: =AVERAGE(E22/E$9,I22/I$9,M22/M$9,AVERAGE(Q22/Q$9,R22/Q$9),AVERAGE(U22/U$9,V22/U$9)) -> 1 | C22: =STDEV(E22/E$9,I22/I$9,M22/M$9,AVERAGE(Q22/Q$9,R22/Q$9),AVERAGE(U22/U$9,V22/U$9))/SQRT(D22) -> 0 | D22: =COUNT(E22:AZ22)-2 -> 5 | E22: 0.18936 | I22: 0.16645 | M22: 0.12473 | Q22: 0.20215 | R22: 0.21385 | U22: 0.16862 | V22: 0.15006
A23: 3-hydroxybutyrate | B23: =AVERAGE(E23/E$9,I23/I$9,AVERAGE(Q23/Q$9,R23/Q$9),AVERAGE(U23/U$9,V23/U$9)) -> 0 | C23: =STDEV(E23/E$9,I23/I$9,AVERAGE(Q23/Q$9,R23/Q$9),AVERAGE(U23/U$9,V23/U$9))/SQRT(D23) -> 0 | D23: =COUNT(E23:AZ23)-2 -> 4 | E23: 0 | I23: 0 | Q23: 0 | R23: 0 | U23: 0 | V23: 0
A24: palmitic acid | B24: =AVERAGE(E24/E$9,I24/I$9,AVERAGE(Q24/Q$9,R24/Q$9),AVERAGE(U24/U$9,V24/U$9)) -> 2.0187744e-05 | C24: =STDEV(E24/E$9,I24/I$9,AVERAGE(Q24/Q$9,R24/Q$9),AVERAGE(U24/U$9,V24/U$9))/SQRT(D24) -> 2.0187744e-05 | D24: =COUNT(E24:AZ24)-2 -> 4 | E24: 0 | I24: 1.3441e-05 | Q24: 0 | R24: 0 | U24: 0 | V24: 0
A25: oleic acid | B25: =AVERAGE(E25/E$9,I25/I$9,AVERAGE(Q25/Q$9,R25/Q$9),AVERAGE(U25/U$9,V25/U$9)) -> 6.1947115e-05 | C25: =STDEV(E25/E$9,I25/I$9,AVERAGE(Q25/Q$9,R25/Q$9),AVERAGE(U25/U$9,V25/U$9))/SQRT(D25) -> 6.1947115e-05 | D25: =COUNT(E25:AZ25)-2 -> 4 | E25: 0 | I25: 0 | Q25: 0.00010308 | R25: 0 | U25: 0 | V25: 0
A26: linoleic acid | B26: =AVERAGE(E26/E$9,I26/I$9,AVERAGE(Q26/Q$9,R26/Q$9),AVERAGE(U26/U$9,V26/U$9)) -> 0 | C26: =STDEV(E26/E$9,I26/I$9,AVERAGE(Q26/Q$9,R26/Q$9),AVERAGE(U26/U$9,V26/U$9))/SQRT(D26) -> 0 | D26: =COUNT(E26:AZ26)-2 -> 4 | E26: 0 | I26: 0 | Q26: 0 | R26: 0 | U26: 0 | V26: 0
A27: serine | B27: =AVERAGE(E27/E$9,I27/I$9,AVERAGE(Q27/Q$9,R27/Q$9),AVERAGE(U27/U$9,V27/U$9)) -> 0 | C27: =STDEV(E27/E$9,I27/I$9,AVERAGE(Q27/Q$9,R27/Q$9),AVERAGE(U27/U$9,V27/U$9))/SQRT(D27) -> 0 | D27: =COUNT(E27:AZ27)-2 -> 4 | E27: 0 | I27: 0 | Q27: 0 | R27: 0 | U27: 0 | V27: 0
A28: glycine | B28: =AVERAGE(E28/E$9,I28/I$9,AVERAGE(Q28/Q$9,R28/Q$9),AVERAGE(U28/U$9,V28/U$9)) -> 0 | C28: =STDEV(E28/E$9,I28/I$9,AVERAGE(Q28/Q$9,R28/Q$9),AVERAGE(U28/U$9,V28/U$9))/SQRT(D28) -> 0 | D28: =COUNT(E28:AZ28)-2 -> 4 | E28: 0 | I28: 0 | Q28: 0 | R28: 0 | U28: 0 | V28: 0
A29: citrate | B29: =AVERAGE(E29/E$9,I29/I$9,AVERAGE(Q29/Q$9,R29/Q$9),AVERAGE(U29/U$9,V29/U$9)) -> 0.025551412 | C29: =STDEV(E29/E$9,I29/I$9,AVERAGE(Q29/Q$9,R29/Q$9),AVERAGE(U29/U$9,V29/U$9))/SQRT(D29) -> 0.0096279301 | D29: =COUNT(E29:AZ29)-2 -> 4 | E29: 0.0040506 | I29: 0 | Q29: 0.0064959 | R29: 0.010053 | U29: 0.0035943 | V29: 0.0094823
A30: acetate | B30: NaN | C30: NaN | D30: =COUNT(E30:AZ30) -> 0
A31: glycerol | B31: =AVERAGE(S31/Q9,W31/U9,AVERAGE(AA31/AA9,AB31/AB9),AVERAGE(AC31/AC9,AD31/AD9)) -> 0.0091052158 | C31: =STDEV(S31/Q9,W31/U9,AVERAGE(AA31/AA9,AB31/AB9),AVERAGE(AC31/AC9,AD31/AD9))/SQRT(D31) -> 0.0036921003 | D31: 4 | S31: 0.0014168622 | W31: 0 | AA31: 0.002446 | AB31: 0.0029525 | AC31: 0.0034706 | AD31: 0.0038197
A32: BCAAs | B32: =AVERAGE(E32/E$9,I32/I$9,AVERAGE(Q32/Q$9,R32/Q$9),AVERAGE(U32/U$9,V32/U$9)) -> 0 | C32: =STDEV(E32/E$9,I32/I$9,AVERAGE(Q32/Q$9,R32/Q$9),AVERAGE(U32/U$9,V32/U$9))/SQRT(D32) -> 0 | D32: =COUNT(E32:AZ32)-2 -> 4 | E32: 0 | I32: 0 | Q32: 0 | R32: 0 | U32: 0 | V32: 0
A33: 6AAs | B33: =AVERAGE(E33/E$9,I33/I$9,AVERAGE(Q33/Q$9,R33/Q$9),AVERAGE(U33/U$9,V33/U$9)) -> 0 | C33: =STDEV(E33/E$9,I33/I$9,AVERAGE(Q33/Q$9,R33/Q$9),AVERAGE(U33/U$9,V33/U$9))/SQRT(D33) -> 0 | D33: =COUNT(E33:AZ33)-2 -> 4 | E33: 0 | I33: 0 | Q33: 0 | R33: 0 | U33: 0 | V33: 0
A36: Tissue malate
A37: Brain | B37: =AVERAGE(E37/E$9,I37/I$9,Q37/Q$9,U37/U$9) -> 0.18917947 | C37: =STDEV(E37/E$9,I37/I$9,Q37/Q$9,U37/U$9)/SQRT(D37) -> 0.020534083 | D37: =COUNT(E37:AZ37) -> 4 | E37: 0.037305 | I37: 0.034919 | Q37: 0.026895 | U37: 0.035154
A38: Muscle | B38: =AVERAGE(E38/E$9,I38/I$9,Q38/Q$9,U38/U$9) -> 0.04645518 | C38: =STDEV(E38/E$9,I38/I$9,Q38/Q$9,U38/U$9)/SQRT(D38) -> 0.0042337748 | D38: =COUNT(E38:AZ38) -> 4 | E38: 0.0082678 | I38: 0.0096742 | Q38: 0.0079099 | U38: 0.0073312
A39: Kidney | B39: =AVERAGE(E39/E$9,I39/I$9,Q39/Q$9,U39/U$9) -> 0.095312153 | C39: =STDEV(E39/E$9,I39/I$9,Q39/Q$9,U39/U$9)/SQRT(D39) -> 0.030785214 | D39: =COUNT(E39:AZ39) -> 4 | E39: 0.0018874 | I39: 0.021717 | Q39: 0.019173 | U39: 0.023683
A40: Liver | B40: =AVERAGE(E40/E$9,I40/I$9,Q40/Q$9,U40/U$9) -> 0.16938273 | C40: =STDEV(E40/E$9,I40/I$9,Q40/Q$9,U40/U$9)/SQRT(D40) -> 0.013588275 | D40: =COUNT(E40:AZ40) -> 4 | E40: 0.029974 | I40: 0.030839 | Q40: 0.028443 | U40: 0.031425
A41: Spleen | B41: =AVERAGE(E41/E$9,I41/I$9,Q41/Q$9,U41/U$9) -> 0.054568251 | C41: =STDEV(E41/E$9,I41/I$9,Q41/Q$9,U41/U$9)/SQRT(D41) -> 0.0085323341 | D41: =COUNT(E41:AZ41) -> 4 | E41: 0.0087358 | I41: 0.0094702 | Q41: 0.007882 | U41: 0.012325
A42: Skin | B42: =AVERAGE(Q42/Q$9,U42/U$9) -> 0.099382434 | C42: =STDEV(Q42/Q$9,U42/U$9)/SQRT(D42) -> 0.013545895 | D42: =COUNT(E42:AZ42) -> 2 | Q42: 0.017854 | U42: 0.017994
A43: Pancreas | B43: =AVERAGE(E43/E$9,I43/I$9,Q43/Q$9,U43/U$9) -> 0.18073727 | C43: =STDEV(E43/E$9,I43/I$9,Q43/Q$9,U43/U$9)/SQRT(D43) -> 0.01330555 | D43: =COUNT(E43:AZ43) -> 4 | E43: 0.034119 | I43: 0.036344 | Q43: 0.033033 | U43: 0.026388
A44: Lung | B44: =AVERAGE(E44/E$9,I44/I$9,Q44/Q$9,U44/U$9) -> 0.11680064 | C44: =STDEV(E44/E$9,I44/I$9,Q44/Q$9,U44/U$9)/SQRT(D44) -> 0.009793868 | D44: =COUNT(E44:AZ44) -> 4 | E44: 0.021621 | I44: 0.019565 | Q44: 0.01952 | U44: 0.022568
A45: Heart | B45: =AVERAGE(E45/E$9,I45/I$9,Q45/Q$9,U45/U$9) -> 0.022512695 | C45: =STDEV(E45/E$9,I45/I$9,Q45/Q$9,U45/U$9)/SQRT(D45) -> 0.0029400537 | D45: =COUNT(E45:AZ45) -> 4 | E45: 0.0040931 | I45: 0.0048188 | Q45: 0.0031075 | U45: 0.003911
A46: gWAT | B46: =AVERAGE(E46/E$9,I46/I$9,Q46/Q$9,U46/U$9) -> 0.1100903 | C46: =STDEV(E46/E$9,I46/I$9,Q46/Q$9,U46/U$9)/SQRT(D46) -> 0.026225588 | D46: =COUNT(E46:AZ46) -> 4 | E46: 0.026699 | I46: 0.0087008 | Q46: 0.034514 | U46: 0.012932
A47: iWAT | B47: NaN | C47: NaN | I47: 0.012799
A48: Small intestine | B48: =AVERAGE(E48/E$9,I48/I$9,Q48/Q$9,U48/U$9) -> 0.080265848 | C48: =STDEV(E48/E$9,I48/I$9,Q48/Q$9,U48/U$9)/SQRT(D48) -> 0.014696912 | D48: =COUNT(E48:AZ48) -> 4 | E48: 0.010817 | I48: 0.015088 | Q48: 0.011667 | U48: 0.018675
A49: Brown fat | B49: =AVERAGE(E49/E$9,I49/I$9,Q49/Q$9,U49/U$9) -> 0.073663939 | C49: =STDEV(E49/E$9,I49/I$9,Q49/Q$9,U49/U$9)/SQRT(D49) -> 0.010723787 | D49: =COUNT(E49:AZ49) -> 4 | E49: 0.015309 | I49: 0.01578 | Q49: 0.0091527 | U49: 0.011951
A50: Stomach | B50: =AVERAGE(E50/E$9,I50/I$9) -> 0.054657656 | C50: =STDEV(E50/E$9,I50/I$9)/SQRT(D50) -> 0.0052876729 | D50: =COUNT(E50:AZ50) -> 2 | E50: 0.0093487 | I50: 0.0099779
A51: Bone | B51: NaN | C51: NaN
A52: Soleus | B52: =AVERAGE(E52/E$9,I52/I$9) -> 0.059986804 | C52: =STDEV(E52/E$9,I52/I$9)/SQRT(D52) -> 0.0060630608 | D52: =COUNT(E52:AZ52) -> 2 | E52: 0.010211 | I52: 0.010994
A53: Tissue succinate
A54: Brain | B54: =AVERAGE(E54/E$9,I54/I$9,Q54/Q$9,U54/U$9) -> 0.20251479 | C54: =STDEV(E54/E$9,I54/I$9,Q54/Q$9,U54/U$9)/SQRT(D54) -> 0.021153315 | D54: =COUNT(E54:AZ54) -> 4 | E54: 0.043435 | I54: 0.035965 | Q54: 0.029037 | U54: 0.035853
A55: Muscle | B55: =AVERAGE(E55/E$9,I55/I$9,Q55/Q$9,U55/U$9) -> 0.046945146 | C55: =STDEV(E55/E$9,I55/I$9,Q55/Q$9,U55/U$9)/SQRT(D55) -> 0.0036425169 | D55: =COUNT(E55:AZ55) -> 4 | E55: 0.0079745 | I55: 0.0096123 | Q55: 0.0093122 | U55: 0.0068753
A56: Kidney | B56: =AVERAGE(E56/E$9,I56/I$9,Q56/Q$9,U56/U$9) -> 0.10199821 | C56: =STDEV(E56/E$9,I56/I$9,Q56/Q$9,U56/U$9)/SQRT(D56) -> 0.018842783 | D56: =COUNT(E56:AZ56) -> 4 | E56: 0.011725 | I56: 0.019818 | Q56: 0.016872 | U56: 0.023247
A57: Liver | B57: =AVERAGE(E57/E$9,I57/I$9,Q57/Q$9,U57/U$9) -> 0.17362146 | C57: =STDEV(E57/E$9,I57/I$9,Q57/Q$9,U57/U$9)/SQRT(D57) -> 0.013123926 | D57: =COUNT(E57:AZ57) -> 4 | E57: 0.030246 | I57: 0.032922 | Q57: 0.029872 | U57: 0.030809
A58: Spleen | B58: =AVERAGE(E58/E$9,I58/I$9,Q58/Q$9,U58/U$9) -> 0.053157562 | C58: =STDEV(E58/E$9,I58/I$9,Q58/Q$9,U58/U$9)/SQRT(D58) -> 0.008859247 | D58: =COUNT(E58:AZ58) -> 4 | E58: 0.0082708 | I58: 0.0096792 | Q58: 0.0073195 | U58: 0.012048
A59: Skin | B59: =AVERAGE(Q59/Q$9,U59/U$9) -> 0.081770366 | C59: =STDEV(Q59/Q$9,U59/U$9)/SQRT(D59) -> 0.011087674 | D59: =COUNT(E59:AZ59) -> 2 | Q59: 0.014702 | U59: 0.014796
A60: Pancreas | B60: =AVERAGE(E60/E$9,I60/I$9,Q60/Q$9,U60/U$9) -> 0.14987352 | C60: =STDEV(E60/E$9,I60/I$9,Q60/Q$9,U60/U$9)/SQRT(D60) -> 0.010241704 | D60: =COUNT(E60:AZ60) -> 4 | E60: 0.029083 | I60: 0.029523 | Q60: 0.02772 | U60: 0.021554
A61: Lung | B61: =AVERAGE(E61/E$9,I61/I$9,Q61/Q$9,U61/U$9) -> 0.079468311 | C61: =STDEV(E61/E$9,I61/I$9,Q61/Q$9,U61/U$9)/SQRT(D61) -> 0.0081216026 | D61: =COUNT(E61:AZ61) -> 4 | E61: 0.014082 | I61: 0.01621 | Q61: 0.012397 | U61: 0.013786
A62: Heart | B62: =AVERAGE(E62/E$9,I62/I$9,Q62/Q$9,U62/U$9) -> 0.021023674 | C62: =STDEV(E62/E$9,I62/I$9,Q62/Q$9,U62/U$9)/SQRT(D62) -> 0.0029723118 | D62: =COUNT(E62:AZ62) -> 4 | E62: 0.0042927 | I62: 0.0045649 | Q62: 0.0027311 | U62: 0.0033254
A63: gWAT | B63: =AVERAGE(E63/E$9,I63/I$9,Q63/Q$9,U63/U$9) -> 0.12828109 | C63: =STDEV(E63/E$9,I63/I$9,Q63/Q$9,U63/U$9)/SQRT(D63) -> 0.028902621 | D63: =COUNT(E63:AZ63) -> 4 | E63: 0.026208 | I63: 0.012418 | Q63: 0.042692 | U63: 0.015116
A64: iWAT | B64: NaN | C64: NaN | I64: 0.01744
A65: Small intestine | B65: =AVERAGE(E65/E$9,I65/I$9,Q65/Q$9,U65/U$9) -> 0.081557849 | C65: =STDEV(E65/E$9,I65/I$9,Q65/Q$9,U65/U$9)/SQRT(D65) -> 0.016032443 | D65: =COUNT(E65:AZ65) -> 4 | E65: 0.010758 | I65: 0.015692 | Q65: 0.011257 | U65: 0.019284
A66: Brown fat | B66: =AVERAGE(E66/E$9,I66/I$9,Q66/Q$9,U66/U$9) -> 0.077459295 | C66: =STDEV(E66/E$9,I66/I$9,Q66/Q$9,U66/U$9)/SQRT(D66) -> 0.014152211 | D66: =COUNT(E66:AZ66) -> 4 | E66: 0.016436 | I66: 0.016884 | Q66: 0.0075808 | U66: 0.013569
A67: Stomach | B67: =AVERAGE(E67/E$9,I67/I$9) -> 0.052356185 | C67: =STDEV(E67/E$9,I67/I$9)/SQRT(D67) -> 0.00757112 | D67: =COUNT(E67:AZ67) -> 2 | E67: 0.0084805 | I67: 0.0099749
A68: Bone | B68: NaN | C68: NaN
A69: Soleus | B69: =AVERAGE(E69/E$9,I69/I$9) -> 0.062598119 | C69: =STDEV(E69/E$9,I69/I$9)/SQRT(D69) -> 0.006461659 | D69: =COUNT(E69:AZ69) -> 2 | E69: 0.01063 | I69: 0.011495
A81: When | E81: 43423 | I81: 43423 | M81: 43462
A82: Who | E82: TT | I82: TT | M82: TT | AA82: TT | AC82: TT | AE82: TT
A83: Mouse | E83: fed-ala1 | I83: fed-ala2 | M83: fed-ala3 | AA83: ala1 | AC83: ala2 | AE83: ala3
A84: State | E84: refed | I84: refed | M84: refed | AA84: refed | AC84: refed | AE84: refed
A85: Infusate | E85: [U-13C]alanine | I85: [U-13C]alanine | M85: [U-13C]alanine | AA85: [U-13C]alanine | AC85: [U-13C]alanine | AE85: [U-13C]alanine
A86: Concentration (mM) | E86: 300 | I86: 300 | M86: 300
A87: Rate (µl/min/g) | E87: 0.1 | I87: 0.1 | M87: 0.1
A88: Enrichment | E88: 0.1964534 | I88: 0.25011816 | M88: 0.1869801
A89: Avg. C enrichment | E89: =E102 -> 0.19907 | I89: =I102 -> 0.25229 | M89: =M102 -> 0.23828 | AA89: 0.24701 | AB89: 0.24453 | AC89: 0.31573 | AD89: 0.25256 | AE89: 0.27304 | AF89: 0.27282
A90: Fcirc | B90: =AVERAGE(E90:AZ90) -> 114.36539 | C90: =STDEV(E90:AZ90)/SQRT(D90) -> 12.413613 | D90: =COUNT(E90:AZ90) -> 3 | E90: =E86*E87*(1-E88)/E88 -> 122.70797 | I90: =I86*I87*(1-I88)/I88 -> 89.943311 | M90: =M86*M87*(1-M88)/M88 -> 130.44489
A91: factor between Fcirc and Fcirc' | C91: =AVERAGE(E91:U91) -> 0.90245219 | E91: =(1-E89)*E88/E89/(1-E88) -> 0.98364237 | I91: =(1-I89)*I88/I89/(1-I88) -> 0.98852017 | M91: =(1-M89)*M88/M89/(1-M88) -> 0.73519402
A92: Who | E92: TT | I92: TT | M92: TT | AA92: TT | AC92: TT | AE92: TT
A93: Machine | E93: QE+ | I93: QE+ | M93: QE+ | AA93: QE+ | AC93: QE+ | AE93: QE+
A94: Folder | E94: 20181203-fed-alanine1-2 | I94: 20181203-fed-alanine1-2 | M94: 20181230-serum-24hglycerol-fedalalact; 20181230-fed-ala-lact | AA94: 20190106_Glycerol | AC94: 20190106_Glycerol | AE94: 20190106_Glycerol
A96: Note
B97: Mean | C97: SEM | D97: N
A98: Serum
A99: glucose | B99: =AVERAGE(E99/E$89,I99/I$89,M99/M$89) -> 0.060576256 | C99: =STDEV(E99/E$89,I99/I$89,M99/M$89)/SQRT(D99) -> 0.012189605 | D99: =COUNT(E99:Z99) -> 3 | E99: 0.01218 | I99: 0.020531 | M99: 0.0093324
A100: lactate | B100: =AVERAGE(E100/E$89,I100/I$89,M100/M$89) -> 0.11709725 | C100: =STDEV(E100/E$89,I100/I$89,M100/M$89)/SQRT(D100) -> 0.017959478 | D100: =COUNT(E100:Z100) -> 3 | E100: 0.028289 | I100: 0.032021 | M100: 0.019602
A101: glutamine | B101: =AVERAGE(E101/E$89,I101/I$89,M101/M$89) -> 0.086455207 | C101: =STDEV(E101/E$89,I101/I$89,M101/M$89)/SQRT(D101) -> 0.0037728693 | D101: =COUNT(E101:Z101) -> 3 | E101: 0.018513 | I101: 0.020165 | M101: 0.020597
A102: alanine | B102: =AVERAGE(E102/E$89,I102/I$89,M102/M$89) -> 1 | C102: =STDEV(E102/E$89,I102/I$89,M102/M$89)/SQRT(D102) -> 0 | D102: =COUNT(E102:Z102) -> 3 | E102: 0.19907 | I102: 0.25229 | M102: 0.23828
A103: 3-hydroxybutyrate | B103: =AVERAGE(E103/E$89,I103/I$89,M103/M$89) -> 0.0079221121 | C103: =STDEV(E103/E$89,I103/I$89,M103/M$89)/SQRT(D103) -> 0.0051971734 | D103: =COUNT(E103:Z103) -> 3 | E103: 0.0035257 | I103: 0 | M103: 0.0014429
A104: palmitic acid | B104: =AVERAGE(E104/E$89,I104/I$89,M104/M$89) -> 0 | C104: =STDEV(E104/E$89,I104/I$89,M104/M$89)/SQRT(D104) -> 0 | D104: =COUNT(E104:Z104) -> 3 | E104: 0 | I104: 0 | M104: 0
A105: oleic acid | B105: =AVERAGE(E105/E$89,I105/I$89,M105/M$89) -> 0 | C105: =STDEV(E105/E$89,I105/I$89,M105/M$89)/SQRT(D105) -> 0 | D105: =COUNT(E105:Z105) -> 3 | E105: 0 | I105: 0 | M105: 0
A106: linoleic acid | B106: =AVERAGE(E106/E$89,I106/I$89,M106/M$89) -> 0 | C106: =STDEV(E106/E$89,I106/I$89,M106/M$89)/SQRT(D106) -> 0 | D106: =COUNT(E106:Z106) -> 3 | E106: 0 | I106: 0 | M106: 0
A107: serine | B107: =AVERAGE(E107/E$89,I107/I$89,M107/M$89) -> 0.0011794364 | C107: =STDEV(E107/E$89,I107/I$89,M107/M$89)/SQRT(D107) -> 0.0011794364 | D107: =COUNT(E107:Z107) -> 3 | E107: 0 | I107: 0.00089268 | M107: 0
A108: glycine | B108: =AVERAGE(E108/E$89,I108/I$89,M108/M$89) -> 0.00099266969 | C108: =STDEV(E108/E$89,I108/I$89,M108/M$89)/SQRT(D108) -> 0.00099266969 | D108: =COUNT(E108:Z108) -> 3 | E108: 0 | I108: 0 | M108: 0.0007096
A109: citrate | B109: =AVERAGE(E109/E$89,I109/I$89,M109/M$89) -> 0.037189105 | C109: =STDEV(E109/E$89,I109/I$89,M109/M$89)/SQRT(D109) -> 0.011584114 | D109: =COUNT(E109:Z109) -> 3 | E109: 0.011683 | I109: 0.0085572 | M109: 0.0045181
A110: acetate | B110: NaN | C110: NaN | D110: =COUNT(E110:Z110) -> 0
A111: glycerol | B111: =AVERAGE(AA111/AA89,AB111/AB89,AC111/AC89,AD111/AD89,AE111/AE89,AF111/AF89) -> 0.010336215 | C111: =STDEV(AA111/AA89,AB111/AB89,AC111/AC89,AD111/AD89,AE111/AE89,AF111/AF89)/SQRT(D111) -> 0.003212608 | D111: 3 | AA111: 0.0032609 | AB111: 0.0021665 | AC111: 0.0037832 | AD111: 0.0047046 | AE111: 0.0018493 | AF111: 0.00070194
A112: BCAAs | B112: =AVERAGE(E112/E$89,I112/I$89,M112/M$89) -> 0 | C112: =STDEV(E112/E$89,I112/I$89,M112/M$89)/SQRT(D112) -> 0 | D112: =COUNT(E112:Z112) -> 3 | E112: 0 | I112: 0 | M112: 0
A113: 6AAs | B113: =AVERAGE(E113/E$89,I113/I$89,M113/M$89) -> 0 | C113: =STDEV(E113/E$89,I113/I$89,M113/M$89)/SQRT(D113) -> 0 | D113: =COUNT(E113:Z113) -> 3 | E113: 0 | I113: 0 | M113: 0
A116: Tissue malate
A117: Brain | B117: =AVERAGE(E117/E$89,I117/I$89,M117/M$89) -> 0.068898034 | C117: =STDEV(E117/E$89,I117/I$89,M117/M$89)/SQRT(D117) -> 0.013833318 | D117: =COUNT(E117:Z117) -> 3 | E117: 0.018796 | I117: 0.016497 | M117: 0.011172
...

Sheet 3HB
A1: When | E1: 43406 | I1: 43406 | M1: 43406 | Q1: 43427 | U1: 43427
A2: Who | E2: XZ | I2: XZ | M2: XZ | Q2: AC | U2: AC | AC2: XZ | AD2: XZ | AE2: XZ
A3: Mouse | E3: xz307 | I3: xz308 | M3: xz309 | Q3: M1 | U3: M6
A4: State | E4: fasted | I4: fasted | M4: fasted | Q4: fasted | U4: fasted | AC4: fasted | AD4: fasted | AE4: fasted
A5: Infusate | E5: [U-13C] 3-hydroxybutyrate | I5: [U-13C] 3-hydroxybutyrate | M5: [U-13C] 3-hydroxybutyrate | Q5: [U-13C] 3-hydroxybutyrate | U5: [U-13C] 3-hydroxybutyrate | AC5: [U-13C] 3-hydroxybutyrate | AD5: [U-13C] 3-hydroxybutyrate | AE5: [U-13C] 3-hydroxybutyrate
A6: Concentration (mM) | E6: 40 | I6: 40 | M6: 40 | Q6: 40 | U6: 80
